Favorite,Job Title,Job Link,Owner,Invitation to Bid,Project Value,Location,Stage,Bid Date,Start Date,Documents,Last Updated,Search Tags,Status,Email Sent,Sent Date,Attachment
True,Houghton Park Playground,https://app.constructconnect.com/project/7367677/c?sourceType=3,,,100000.0,"Long Beach, CA",GC Bidding,2026-02-19,2026-03-23,Sent to Scan,2026-01-05,,New,Yes,2026-01-12 15:28:51.243785,https://www.dropbox.com/scl/fi/316zetbljhtu473hrjac3/new_jobs_20260112_161201.xlsx?rlkey=adblgm6c8vd21wk0y4kt9o0nd&dl=0
True,"Clean, Inspect, Prepare, and Line Culverts",https://app.constructconnect.com/project/7368978/c?sourceType=3,,,650000.0,"Tustin, CA",GC Bidding,2026-02-03,2026-03-05,Requesting Plans,2026-01-05,,New,Yes,2026-01-12 15:28:51.245090,https://www.dropbox.com/scl/fi/316zetbljhtu473hrjac3/new_jobs_20260112_161201.xlsx?rlkey=adblgm6c8vd21wk0y4kt9o0nd&dl=0
False,15mva Base Power Transfomer,https://app.constructconnect.com/project/7368987/c?sourceType=3,,,1000000.0,"Glendale, CA",GC Bidding,2026-02-16,2026-04-02,Requesting Plans,2026-01-05,,New,Yes,2026-01-12 15:28:51.245608,https://www.dropbox.com/scl/fi/316zetbljhtu473hrjac3/new_jobs_20260112_161201.xlsx?rlkey=adblgm6c8vd21wk0y4kt9o0nd&dl=0
False,RFP Engineering - Reservoirs 4-1 & 4-2 Repairs,https://app.constructconnect.com/project/7324074/c?sourceType=3,,,200000.0,"Rialto, CA",GC Bidding,2026-01-07,2026-02-05,Drawings & Specs Available,2026-01-05,,New,Yes,2026-01-12 15:28:51.246033,https://www.dropbox.com/scl/fi/316zetbljhtu473hrjac3/new_jobs_20260112_161201.xlsx?rlkey=adblgm6c8vd21wk0y4kt9o0nd&dl=0
True,Citywide ADA Improvements,https://app.constructconnect.com/project/7349423/c?sourceType=3,,,670000.0,"Newport Beach, CA",GC Bidding,2026-01-08,2026-03-09,Drawings & Specs Available,2026-01-05,,New,Yes,2026-01-12 15:28:51.246477,https://www.dropbox.com/scl/fi/316zetbljhtu473hrjac3/new_jobs_20260112_161201.xlsx?rlkey=adblgm6c8vd21wk0y4kt9o0nd&dl=0
False,"Ball Wall Projects Group 1 at Jackson, Jefferson, King, Madison, Martin, and Thorpe Fundamental, with Alternates - General Construction",https://app.constructconnect.com/project/7355274/c?sourceType=3,,,1000000.0,"Santa Ana, CA",GC Bidding,2026-01-27,2026-03-09,Drawings & Specs Available,2026-01-05,,New,Yes,2026-01-12 15:28:51.246881,https://www.dropbox.com/scl/fi/316zetbljhtu473hrjac3/new_jobs_20260112_161201.xlsx?rlkey=adblgm6c8vd21wk0y4kt9o0nd&dl=0
False,Ayala Park Swings Project,https://app.constructconnect.com/project/7347620/c?sourceType=3,,,300000.0,"Bloomington, CA",GC Bidding,2026-01-08,2026-02-09,Specs Only,2026-01-05,,New,Yes,2026-01-12 15:28:51.247344,https://www.dropbox.com/scl/fi/316zetbljhtu473hrjac3/new_jobs_20260112_161201.xlsx?rlkey=adblgm6c8vd21wk0y4kt9o0nd&dl=0
False,Ball Wall Projects Group 2,https://app.constructconnect.com/project/7355273/c?sourceType=3,,,500000.0,"Santa Ana, CA",GC Bidding,2026-01-27,2026-03-06,Sent to Scan,2026-01-05,,New,Yes,2026-01-12 15:28:51.247785,https://www.dropbox.com/scl/fi/316zetbljhtu473hrjac3/new_jobs_20260112_161201.xlsx?rlkey=adblgm6c8vd21wk0y4kt9o0nd&dl=0
False,"M.L.K. Jr. Street Improvements, Main Street to Avalon Boulevard",https://app.constructconnect.com/project/7012721/c?sourceType=3,,,1000000.0,"Carson, CA",GC Bidding,2026-01-05,2026-02-04,Drawings & Specs Available,2026-01-05,,New,Yes,2026-01-12 15:28:51.248185,https://www.dropbox.com/scl/fi/316zetbljhtu473hrjac3/new_jobs_20260112_161201.xlsx?rlkey=adblgm6c8vd21wk0y4kt9o0nd&dl=0
False,Pier Avenue Multi-Modal Betterments,https://app.constructconnect.com/project/7367713/c?sourceType=3,,,862144.0,"Hermosa Beach, CA",GC Bidding,2026-01-26,2026-02-25,Drawings & Specs Available,2026-01-05,,New,Yes,2026-01-12 15:28:51.248680,https://www.dropbox.com/scl/fi/316zetbljhtu473hrjac3/new_jobs_20260112_161201.xlsx?rlkey=adblgm6c8vd21wk0y4kt9o0nd&dl=0
False,Convention Center Promenade and Rainbow Lagoon Curb Repairs,https://app.constructconnect.com/project/7366521/c?sourceType=3,,,500000.0,"Long Beach, CA",GC Bidding,2026-02-10,2026-03-12,Sent to Scan,2026-01-05,,New,Yes,2026-01-12 15:28:51.249136,https://www.dropbox.com/scl/fi/316zetbljhtu473hrjac3/new_jobs_20260112_161201.xlsx?rlkey=adblgm6c8vd21wk0y4kt9o0nd&dl=0
False,MPR Renovations at Multiple Sites,https://app.constructconnect.com/project/7357386/c?sourceType=3,,,1100000.0,"Villa Park, CA",GC Bidding,2026-01-29,2026-03-09,Drawings & Specs Available,2026-01-04,,New,Yes,2026-01-12 15:28:51.320693,https://www.dropbox.com/scl/fi/316zetbljhtu473hrjac3/new_jobs_20260112_161201.xlsx?rlkey=adblgm6c8vd21wk0y4kt9o0nd&dl=0
False,Pritchard Field Improvement Project - Phase 2,https://app.constructconnect.com/project/7333983/c?sourceType=3,,,1000000.0,"Bell Gardens, CA",GC Bidding,2026-01-08,2026-02-02,Drawings & Specs Available,2026-01-04,,New,Yes,2026-01-12 15:28:51.250026,https://www.dropbox.com/scl/fi/316zetbljhtu473hrjac3/new_jobs_20260112_161201.xlsx?rlkey=adblgm6c8vd21wk0y4kt9o0nd&dl=0
False,CSA 70 J Recoating Of Tanks & Pump Stations Project,https://app.constructconnect.com/project/7366830/c?sourceType=3,,,600000.0,"Hesperia, CA",GC Bidding,2026-01-28,2026-02-27,Specs Only,2026-01-03,,New,Yes,2026-01-12 15:28:51.250444,https://www.dropbox.com/scl/fi/316zetbljhtu473hrjac3/new_jobs_20260112_161201.xlsx?rlkey=adblgm6c8vd21wk0y4kt9o0nd&dl=0
False,Sewage Sump Pump Systems Upgrade,https://app.constructconnect.com/project/7349440/c?sourceType=3,,,200000.0,"Inglewood, CA",GC Bidding,2026-01-14,2026-02-13,Drawings & Specs Available,2026-01-03,,New,Yes,2026-01-12 15:28:51.250852,https://www.dropbox.com/scl/fi/316zetbljhtu473hrjac3/new_jobs_20260112_161201.xlsx?rlkey=adblgm6c8vd21wk0y4kt9o0nd&dl=0
False,Taft Elementary School ECE Playground Improvements & Taft Elementary School Ball Wall / Storage - General Construction,https://app.constructconnect.com/project/7358129/c?sourceType=3,,,500000.0,"Santa Ana, CA",GC Bidding,2026-01-27,2026-03-09,Drawings & Specs Available,2026-01-03,,New,Yes,2026-01-12 15:28:51.251245,https://www.dropbox.com/scl/fi/316zetbljhtu473hrjac3/new_jobs_20260112_161201.xlsx?rlkey=adblgm6c8vd21wk0y4kt9o0nd&dl=0
False,Ground Water Production Well SM-14 Drilling,https://app.constructconnect.com/project/7339226/c?sourceType=3,,,1900000.0,"Santa Monica, CA",GC Bidding,2026-01-19,2026-03-20,Specs Only,2026-01-02,,New,Yes,2026-01-12 15:28:51.251671,https://www.dropbox.com/scl/fi/316zetbljhtu473hrjac3/new_jobs_20260112_161201.xlsx?rlkey=adblgm6c8vd21wk0y4kt9o0nd&dl=0
False,Construct Distribution Underground Conduit System and Related Substructure Improvements - Citywide,https://app.constructconnect.com/project/7334880/c?sourceType=3,,,2000000.0,"Burbank, CA",GC Bidding,2026-01-07,2026-03-09,Drawings & Specs Available,2026-01-02,,New,Yes,2026-01-12 15:28:51.252039,https://www.dropbox.com/scl/fi/316zetbljhtu473hrjac3/new_jobs_20260112_161201.xlsx?rlkey=adblgm6c8vd21wk0y4kt9o0nd&dl=0
False,Residential Sound Insulation Program Group 10 (Construction),https://app.constructconnect.com/project/7366255/c?sourceType=3,,,860000.0,"Los Angeles, CA",GC Bidding,2026-01-13,2026-02-12,Sent to Scan,2026-01-02,,New,Yes,2026-01-12 15:28:51.252420,https://www.dropbox.com/scl/fi/316zetbljhtu473hrjac3/new_jobs_20260112_161201.xlsx?rlkey=adblgm6c8vd21wk0y4kt9o0nd&dl=0
False,Ford Park Playground And Restroom Improvements,https://app.constructconnect.com/project/7358782/c?sourceType=3,,,800000.0,"Bell Gardens, CA",GC Bidding,2026-01-27,2026-02-26,Drawings & Specs Available,2026-01-02,,New,Yes,2026-01-12 15:28:51.252802,https://www.dropbox.com/scl/fi/316zetbljhtu473hrjac3/new_jobs_20260112_161201.xlsx?rlkey=adblgm6c8vd21wk0y4kt9o0nd&dl=0
False,La Fetra Center Staircase Replacment Project,https://app.constructconnect.com/project/7348654/c?sourceType=3,,,500000.0,"Glendora, CA",GC Bidding,2026-01-08,2026-02-09,Drawings & Specs Available,2026-01-02,,New,Yes,2026-01-12 15:28:51.253211,https://www.dropbox.com/scl/fi/316zetbljhtu473hrjac3/new_jobs_20260112_161201.xlsx?rlkey=adblgm6c8vd21wk0y4kt9o0nd&dl=0
False,Third Street Sewer Improvements Project - Market Street to Vine Street,https://app.constructconnect.com/project/7341329/c?sourceType=3,,,1961566.0,"Riverside, CA",GC Bidding,2026-01-13,2026-03-16,Drawings & Specs Available,2026-01-02,,New,Yes,2026-01-12 15:28:51.253610,https://www.dropbox.com/scl/fi/316zetbljhtu473hrjac3/new_jobs_20260112_161201.xlsx?rlkey=adblgm6c8vd21wk0y4kt9o0nd&dl=0
False,Valley View Avenue at Alondra Boulevard Intersection Improvement,https://app.constructconnect.com/project/7348414/c?sourceType=3,,,800000.0,"Santa Fe Springs, CA",GC Bidding,2026-01-22,2026-02-23,Drawings & Specs Available,2026-01-02,,New,Yes,2026-01-12 15:28:51.253980,https://www.dropbox.com/scl/fi/316zetbljhtu473hrjac3/new_jobs_20260112_161201.xlsx?rlkey=adblgm6c8vd21wk0y4kt9o0nd&dl=0
False,Airport Marquee,https://app.constructconnect.com/project/7321038/c?sourceType=3,,,50000.0,"Riverside, CA",GC Bidding,2026-01-13,2026-02-12,Specs Only,2026-01-02,,New,Yes,2026-01-12 15:28:51.254357,https://www.dropbox.com/scl/fi/316zetbljhtu473hrjac3/new_jobs_20260112_161201.xlsx?rlkey=adblgm6c8vd21wk0y4kt9o0nd&dl=0
False,Pickleball Courts at Boisseranc Park - City of Buena Park,https://app.constructconnect.com/project/7210174/c?sourceType=3,,,700000.0,"Buena Park, CA",GC Bidding,2026-01-15,2026-02-16,Specs Only,2026-01-02,,New,Yes,2026-01-12 15:28:51.254731,https://www.dropbox.com/scl/fi/316zetbljhtu473hrjac3/new_jobs_20260112_161201.xlsx?rlkey=adblgm6c8vd21wk0y4kt9o0nd&dl=0
False,"RFQ D/B -  Renovation of City Hall Lobby for New Office Space, Centralized Security Desk, Grab-n-go Food Service Area, and Multi-purpose Room",https://app.constructconnect.com/project/7341929/c?sourceType=3,,,1200000.0,"Riverside, CA",GC Bidding,2026-01-21,2026-09-21,Drawings & Specs Available,2026-01-02,,New,Yes,2026-01-12 15:28:51.255101,https://www.dropbox.com/scl/fi/316zetbljhtu473hrjac3/new_jobs_20260112_161201.xlsx?rlkey=adblgm6c8vd21wk0y4kt9o0nd&dl=0
False,Construction of Pedestrian Hybrid Beacon at Grove Avenue and Saint Andrews Street,https://app.constructconnect.com/project/7361649/c?sourceType=3,,,475000.0,"Ontario, CA",GC Bidding,2026-01-15,2026-02-16,Drawings & Specs Available,2026-01-02,,New,Yes,2026-01-12 15:28:51.255533,https://www.dropbox.com/scl/fi/316zetbljhtu473hrjac3/new_jobs_20260112_161201.xlsx?rlkey=adblgm6c8vd21wk0y4kt9o0nd&dl=0
False,Costa Mesa Skate Park Expansion,https://app.constructconnect.com/project/7358411/c?sourceType=3,,,2000000.0,"Costa Mesa, CA",GC Bidding,2026-01-22,2026-03-23,Drawings & Specs Available,2026-01-02,,New,Yes,2026-01-12 15:28:51.255976,https://www.dropbox.com/scl/fi/316zetbljhtu473hrjac3/new_jobs_20260112_161201.xlsx?rlkey=adblgm6c8vd21wk0y4kt9o0nd&dl=0
False,Lincoln High School Portable Relocation,https://app.constructconnect.com/project/7352835/c?sourceType=3,,,1000000.0,"Riverside, CA",GC Bidding,2026-02-05,2026-04-06,Drawings & Specs Available,2026-01-01,,New,Yes,2026-01-12 15:28:51.256421,https://www.dropbox.com/scl/fi/316zetbljhtu473hrjac3/new_jobs_20260112_161201.xlsx?rlkey=adblgm6c8vd21wk0y4kt9o0nd&dl=0
False,Old Waterman Canyon Road and Other Roads,https://app.constructconnect.com/project/7355950/c?sourceType=3,,,500000.0,"San Bernardino, CA",GC Bidding,2026-01-22,2026-02-23,Drawings & Specs Available,2026-01-01,,New,Yes,2026-01-12 15:28:51.256839,https://www.dropbox.com/scl/fi/316zetbljhtu473hrjac3/new_jobs_20260112_161201.xlsx?rlkey=adblgm6c8vd21wk0y4kt9o0nd&dl=0
False,Cut-Off Wall Installation,https://app.constructconnect.com/project/7355580/c?sourceType=3,,,2000000.0,"San Bernardino, CA",GC Bidding,2026-01-22,2026-03-23,Drawings & Specs Available,2026-01-01,,New,Yes,2026-01-12 15:28:51.257274,https://www.dropbox.com/scl/fi/316zetbljhtu473hrjac3/new_jobs_20260112_161201.xlsx?rlkey=adblgm6c8vd21wk0y4kt9o0nd&dl=0
False,"2025 Alley Rehabilitation Project (Alley Nos. 19B, 20, 21, 26, 27, 45, 53, 57, 84, 98 & 115)",https://app.constructconnect.com/project/7358415/c?sourceType=3,,,1786592.0,"Costa Mesa, CA",GC Bidding,2026-01-27,2026-03-30,Drawings & Specs Available,2026-01-01,,New,Yes,2026-01-12 15:28:51.257738,https://www.dropbox.com/scl/fi/316zetbljhtu473hrjac3/new_jobs_20260112_161201.xlsx?rlkey=adblgm6c8vd21wk0y4kt9o0nd&dl=0
False,R-7216 Curb Ramps And Related Improvements,https://app.constructconnect.com/project/7343255/c?sourceType=3,,,1000000.0,"Long Beach, CA",GC Bidding,2026-01-08,2026-03-01,Drawings & Specs Available,2026-01-01,,New,Yes,2026-01-12 15:28:51.258121,https://www.dropbox.com/scl/fi/316zetbljhtu473hrjac3/new_jobs_20260112_161201.xlsx?rlkey=adblgm6c8vd21wk0y4kt9o0nd&dl=0
False,Grand Avenue Rehabilitation Edinger Avenue to McFadden Avenue,https://app.constructconnect.com/project/7352257/c?sourceType=3,,,1281000.0,"Santa Ana, CA",GC Bidding,2026-01-09,2026-03-10,Drawings & Specs Available,2026-01-01,,New,Yes,2026-01-12 15:28:51.258495,https://www.dropbox.com/scl/fi/316zetbljhtu473hrjac3/new_jobs_20260112_161201.xlsx?rlkey=adblgm6c8vd21wk0y4kt9o0nd&dl=0
False,Veterans Memorial Park and Faraday Avenue Improvements Projects,https://app.constructconnect.com/project/7331359/c?sourceType=3,,,400000.0,"Covina, CA",GC Bidding,2026-01-20,2026-02-05,Drawings & Specs Available,2026-01-01,,New,Yes,2026-01-12 15:28:51.258862,https://www.dropbox.com/scl/fi/316zetbljhtu473hrjac3/new_jobs_20260112_161201.xlsx?rlkey=adblgm6c8vd21wk0y4kt9o0nd&dl=0
False,CDBG Concrete ADA Improvements 2026,https://app.constructconnect.com/project/7351077/c?sourceType=3,,,400000.0,"Norwalk, CA",GC Bidding,2026-01-09,2026-02-09,Drawings & Specs Available,2026-01-01,,New,Yes,2026-01-12 15:28:51.259238,https://www.dropbox.com/scl/fi/316zetbljhtu473hrjac3/new_jobs_20260112_161201.xlsx?rlkey=adblgm6c8vd21wk0y4kt9o0nd&dl=0
False,City Of Chino Hills Heli-Hydrant,https://app.constructconnect.com/project/7348705/c?sourceType=3,,,422000.0,"Chino Hills, CA",GC Bidding,2026-01-22,2026-02-23,Drawings & Specs Available,2026-01-01,,New,Yes,2026-01-12 15:28:51.259609,https://www.dropbox.com/scl/fi/316zetbljhtu473hrjac3/new_jobs_20260112_161201.xlsx?rlkey=adblgm6c8vd21wk0y4kt9o0nd&dl=0
False,"Restroom Remodel and Repair, Orange County",https://app.constructconnect.com/project/7363415/c?sourceType=3,,,461000.0,"Irvine, CA",GC Bidding,2026-01-08,2026-02-02,Drawings & Specs Available,2026-01-01,,New,Yes,2026-01-12 15:28:51.259991,https://www.dropbox.com/scl/fi/316zetbljhtu473hrjac3/new_jobs_20260112_161201.xlsx?rlkey=adblgm6c8vd21wk0y4kt9o0nd&dl=0
False,Pedrorena Park and Vista Lomas Park Playground and Surfacing Replacements,https://app.constructconnect.com/project/7363618/c?sourceType=3,,,500000.0,"Moreno Valley, CA",GC Bidding,2026-01-20,2026-02-19,Drawings & Specs Available,2026-01-01,,New,Yes,2026-01-12 15:28:51.260358,https://www.dropbox.com/scl/fi/316zetbljhtu473hrjac3/new_jobs_20260112_161201.xlsx?rlkey=adblgm6c8vd21wk0y4kt9o0nd&dl=0
False,Re-Bid Buck Road - Warren Road Resurfacing Project,https://app.constructconnect.com/project/6649703/c?sourceType=3,,,1850000.0,"Riverside, CA",GC Bidding,2026-01-14,2026-03-16,Drawings & Specs Available,2026-01-01,,New,Yes,2026-01-12 15:28:51.260725,https://www.dropbox.com/scl/fi/316zetbljhtu473hrjac3/new_jobs_20260112_161201.xlsx?rlkey=adblgm6c8vd21wk0y4kt9o0nd&dl=0
False,Corona Del Mar High School Interior Renovations for Weight Rooms and Aquatics Room,https://app.constructconnect.com/project/7366177/c?sourceType=3,,,190000.0,"Newport Beach, CA",GC Bidding,2026-02-04,2026-06-15,Drawings & Specs Available,2025-12-31,,New,Yes,2026-01-12 15:28:51.261099,https://www.dropbox.com/scl/fi/316zetbljhtu473hrjac3/new_jobs_20260112_161201.xlsx?rlkey=adblgm6c8vd21wk0y4kt9o0nd&dl=0
False,Bridge Preventive Maintenance Program,https://app.constructconnect.com/project/7348914/c?sourceType=3,,,,"Riverside, CA",GC Bidding,2026-01-14,2026-03-16,Drawings & Specs Available,2025-12-31,,New,Yes,2026-01-12 15:28:51.261481,https://www.dropbox.com/scl/fi/316zetbljhtu473hrjac3/new_jobs_20260112_161201.xlsx?rlkey=adblgm6c8vd21wk0y4kt9o0nd&dl=0
False,UCLA Wilshire Center 6th Floor Telecom Room Buildout,https://app.constructconnect.com/project/7365440/c?sourceType=3,,,450000.0,"Los Angeles, CA",GC Bidding,2026-01-06,2026-02-05,Drawings & Specs Available,2025-12-31,,New,Yes,2026-01-12 15:28:51.307329,https://www.dropbox.com/scl/fi/316zetbljhtu473hrjac3/new_jobs_20260112_161201.xlsx?rlkey=adblgm6c8vd21wk0y4kt9o0nd&dl=0
False,Crenshaw-Imperial Branch Library Public Art Installation,https://app.constructconnect.com/project/7342764/c?sourceType=3,,,200000.0,"Inglewood, CA",GC Bidding,2026-01-07,2026-02-06,Specs Only,2025-12-31,,New,Yes,2026-01-12 15:28:51.262248,https://www.dropbox.com/scl/fi/316zetbljhtu473hrjac3/new_jobs_20260112_161201.xlsx?rlkey=adblgm6c8vd21wk0y4kt9o0nd&dl=0
False,134.1 MVA Spare Power Transformer For Capon & Olive Switching Stations,https://app.constructconnect.com/project/7366895/c?sourceType=3,,,2000000.0,"Burbank, CA",GC Bidding,2026-02-26,2026-04-12,Requesting Plans,2025-12-31,,New,Yes,2026-01-12 15:28:51.262621,https://www.dropbox.com/scl/fi/316zetbljhtu473hrjac3/new_jobs_20260112_161201.xlsx?rlkey=adblgm6c8vd21wk0y4kt9o0nd&dl=0
False,Liberal Arts Campus (LAC) Building O2 Refresh Project,https://app.constructconnect.com/project/7334520/c?sourceType=3,,,765000.0,"Long Beach, CA",GC Bidding,2026-01-12,2026-02-11,Drawings & Specs Available,2025-12-31,,New,Yes,2026-01-12 15:28:51.262987,https://www.dropbox.com/scl/fi/316zetbljhtu473hrjac3/new_jobs_20260112_161201.xlsx?rlkey=adblgm6c8vd21wk0y4kt9o0nd&dl=0
False,"Willits St, Elder Ave and Ceter St Traffic Calming",https://app.constructconnect.com/project/7355955/c?sourceType=3,,,300000.0,"Santa Ana, CA",GC Bidding,2026-01-13,2026-02-12,Drawings & Specs Available,2025-12-31,,New,Yes,2026-01-12 15:28:51.263361,https://www.dropbox.com/scl/fi/316zetbljhtu473hrjac3/new_jobs_20260112_161201.xlsx?rlkey=adblgm6c8vd21wk0y4kt9o0nd&dl=0
False,Bathroom Remodel at OCFA Fire Station 45,https://app.constructconnect.com/project/7331009/c?sourceType=3,,,550000.0,"Rancho Santa Margarita, CA",GC Bidding,2026-01-21,2026-02-20,Drawings & Specs Available,2025-12-31,,New,Yes,2026-01-12 15:28:51.316956,https://www.dropbox.com/scl/fi/316zetbljhtu473hrjac3/new_jobs_20260112_161201.xlsx?rlkey=adblgm6c8vd21wk0y4kt9o0nd&dl=0
False,DBAA 24 Well Redevelopments,https://app.constructconnect.com/project/7300281/c?sourceType=3,,,459625.0,"Santa Clarita, CA",GC Bidding,2026-01-30,2026-03-02,Project Details Only,2025-12-31,,New,Yes,2026-01-12 15:28:51.264106,https://www.dropbox.com/scl/fi/316zetbljhtu473hrjac3/new_jobs_20260112_161201.xlsx?rlkey=adblgm6c8vd21wk0y4kt9o0nd&dl=0
False,UCLA Wilshire Center Suite 500 Tenant Improvement,https://app.constructconnect.com/project/7365443/c?sourceType=3,,,850000.0,"Los Angeles, CA",GC Bidding,2026-01-06,2026-02-05,Drawings & Specs Available,2025-12-31,,New,Yes,2026-01-12 15:28:51.264475,https://www.dropbox.com/scl/fi/316zetbljhtu473hrjac3/new_jobs_20260112_161201.xlsx?rlkey=adblgm6c8vd21wk0y4kt9o0nd&dl=0
False,Well 2 VFD Replacement,https://app.constructconnect.com/project/7347873/c?sourceType=3,,,30000.0,"Claremont, CA",GC Bidding,2026-01-14,2026-02-13,Drawings & Specs Available,2025-12-30,,New,Yes,2026-01-12 15:28:51.264846,https://www.dropbox.com/scl/fi/316zetbljhtu473hrjac3/new_jobs_20260112_161201.xlsx?rlkey=adblgm6c8vd21wk0y4kt9o0nd&dl=0
False,Sewer Cured-In-Place (CIPP) Lining Rehabilitation,https://app.constructconnect.com/project/7362440/c?sourceType=3,,,1000000.0,"Ontario, CA",GC Bidding,2026-02-06,2026-03-09,Specs Only,2025-12-30,,New,Yes,2026-01-12 15:28:51.265318,https://www.dropbox.com/scl/fi/316zetbljhtu473hrjac3/new_jobs_20260112_161201.xlsx?rlkey=adblgm6c8vd21wk0y4kt9o0nd&dl=0
False,Cold Plane AC Pavement and Place HMA-OGFC,https://app.constructconnect.com/project/7364961/c?sourceType=3,,,680000.0,"Irvine, CA",GC Bidding,2026-01-27,2026-02-26,Specs Only,2025-12-30,,New,Yes,2026-01-12 15:28:51.265705,https://www.dropbox.com/scl/fi/316zetbljhtu473hrjac3/new_jobs_20260112_161201.xlsx?rlkey=adblgm6c8vd21wk0y4kt9o0nd&dl=0
False,CSA 70 GH - Lytle Creek North Rotor Assembly & Scum Skimmer,https://app.constructconnect.com/project/7365305/c?sourceType=3,,,400000.0,"San Bernardino, CA",GC Bidding,2026-01-29,2026-03-02,Specs Only,2025-12-30,,New,Yes,2026-01-12 15:28:51.266076,https://www.dropbox.com/scl/fi/316zetbljhtu473hrjac3/new_jobs_20260112_161201.xlsx?rlkey=adblgm6c8vd21wk0y4kt9o0nd&dl=0
False,North Hollywood Central Chlorination Station Replacement,https://app.constructconnect.com/project/7352677/c?sourceType=3,,,588000.0,"Los Angeles, CA",GC Bidding,2026-01-29,2026-03-02,Specs Only,2025-12-30,,New,Yes,2026-01-12 15:28:51.266443,https://www.dropbox.com/scl/fi/316zetbljhtu473hrjac3/new_jobs_20260112_161201.xlsx?rlkey=adblgm6c8vd21wk0y4kt9o0nd&dl=0
False,Saddleback College Science Building AV Refresh Project,https://app.constructconnect.com/project/7360572/c?sourceType=3,,,350000.0,"Mission Viejo, CA",GC Bidding,2026-01-29,2026-03-16,Drawings & Specs Available,2025-12-30,,New,Yes,2026-01-12 15:28:51.266815,https://www.dropbox.com/scl/fi/316zetbljhtu473hrjac3/new_jobs_20260112_161201.xlsx?rlkey=adblgm6c8vd21wk0y4kt9o0nd&dl=0
False,New Emergency Operations Center at Burbank City Hall,https://app.constructconnect.com/project/7364019/c?sourceType=3,,,650000.0,"Burbank, CA",GC Bidding,2026-02-03,2026-03-05,Drawings & Specs Available,2025-12-30,,New,Yes,2026-01-12 15:28:51.267233,https://www.dropbox.com/scl/fi/316zetbljhtu473hrjac3/new_jobs_20260112_161201.xlsx?rlkey=adblgm6c8vd21wk0y4kt9o0nd&dl=0
False,Terrace View Elementary School TK Modular Addition,https://app.constructconnect.com/project/7343366/c?sourceType=3,,,1000000.0,"Grand Terrace, CA",GC Bidding,2026-01-20,2026-02-02,Drawings & Specs Available,2025-12-30,,New,Yes,2026-01-12 15:28:51.267606,https://www.dropbox.com/scl/fi/316zetbljhtu473hrjac3/new_jobs_20260112_161201.xlsx?rlkey=adblgm6c8vd21wk0y4kt9o0nd&dl=0
False,"FY 2025-26 Annual Minor Streets Rehabilitation Program, CDBG",https://app.constructconnect.com/project/7362030/c?sourceType=3,,,975000.0,"Simi Valley, CA",GC Bidding,2026-01-20,2026-03-23,Drawings & Specs Available,2025-12-30,,New,Yes,2026-01-12 15:28:51.267977,https://www.dropbox.com/scl/fi/316zetbljhtu473hrjac3/new_jobs_20260112_161201.xlsx?rlkey=adblgm6c8vd21wk0y4kt9o0nd&dl=0
False,RFP Engineering - Request for Proposal for Traffic Engineering Services,https://app.constructconnect.com/project/7365946/c?sourceType=3,,,200000.0,"La Palma, CA",GC Bidding,2026-01-22,2026-03-07,Requesting Plans,2025-12-30,,New,Yes,2026-01-12 15:28:51.268341,https://www.dropbox.com/scl/fi/316zetbljhtu473hrjac3/new_jobs_20260112_161201.xlsx?rlkey=adblgm6c8vd21wk0y4kt9o0nd&dl=0
False,Kitchen Remodel at OCFA Fire Station 32,https://app.constructconnect.com/project/7361308/c?sourceType=3,,,550000.0,"Yorba Linda, CA",GC Bidding,2026-01-21,2026-02-20,Drawings & Specs Available,2025-12-30,,New,Yes,2026-01-12 15:28:51.268714,https://www.dropbox.com/scl/fi/316zetbljhtu473hrjac3/new_jobs_20260112_161201.xlsx?rlkey=adblgm6c8vd21wk0y4kt9o0nd&dl=0
False,William S. Hart Union High School District,https://app.constructconnect.com/project/7331636/c?sourceType=3,,,1000000.0,"Santa Clarita, CA",GC Bidding,2026-01-12,2026-02-26,Specs Only,2025-12-30,,New,Yes,2026-01-12 15:28:51.269120,https://www.dropbox.com/scl/fi/316zetbljhtu473hrjac3/new_jobs_20260112_161201.xlsx?rlkey=adblgm6c8vd21wk0y4kt9o0nd&dl=0
False,MPR Upgrades Various School Sites Project,https://app.constructconnect.com/project/7347130/c?sourceType=3,,,300000.0,"Colton, CA",GC Bidding,2026-01-13,2026-01-30,Specs Only,2025-12-29,,New,Yes,2026-01-12 15:28:51.269499,https://www.dropbox.com/scl/fi/316zetbljhtu473hrjac3/new_jobs_20260112_161201.xlsx?rlkey=adblgm6c8vd21wk0y4kt9o0nd&dl=0
False,Install High Friction Surface Treatment at on-Ramp,https://app.constructconnect.com/project/6648431/c?sourceType=3,,,990000.0,"Garden Grove, CA",GC Bidding,2026-01-21,2026-02-20,Sent to Scan,2025-12-29,,New,Yes,2026-01-12 15:28:51.269867,https://www.dropbox.com/scl/fi/316zetbljhtu473hrjac3/new_jobs_20260112_161201.xlsx?rlkey=adblgm6c8vd21wk0y4kt9o0nd&dl=0
False,Fy 25-26 American With Disabilities Act (Ada) Curb Ramp Installation - Community Development Block Grant (Cdbg),https://app.constructconnect.com/project/7343341/c?sourceType=3,,,128000.0,"Rancho Santa Margarita, CA",GC Bidding,2026-01-13,2026-02-12,Specs Only,2025-12-29,,New,Yes,2026-01-12 15:28:51.270232,https://www.dropbox.com/scl/fi/316zetbljhtu473hrjac3/new_jobs_20260112_161201.xlsx?rlkey=adblgm6c8vd21wk0y4kt9o0nd&dl=0
False,Central Avenue Slope Repair Project,https://app.constructconnect.com/project/7362839/c?sourceType=3,,,475800.0,"Riverside, CA",GC Bidding,2026-01-29,2026-03-02,Drawings & Specs Available,2025-12-29,,New,Yes,2026-01-12 15:28:51.270602,https://www.dropbox.com/scl/fi/316zetbljhtu473hrjac3/new_jobs_20260112_161201.xlsx?rlkey=adblgm6c8vd21wk0y4kt9o0nd&dl=0
False,Traffic Signal Installation at Auto Center Drive and Metrolink Station,https://app.constructconnect.com/project/7016341/c?sourceType=3,,,373800.0,"Corona, CA",GC Bidding,2026-01-08,2026-02-09,Drawings & Specs Available,2025-12-29,,New,Yes,2026-01-12 15:28:51.270968,https://www.dropbox.com/scl/fi/316zetbljhtu473hrjac3/new_jobs_20260112_161201.xlsx?rlkey=adblgm6c8vd21wk0y4kt9o0nd&dl=0
False,Grand Terrace Elementary School Portable Classrooms,https://app.constructconnect.com/project/7363596/c?sourceType=3,,,600000.0,"Grand Terrace, CA",GC Bidding,2026-01-22,2026-03-08,Sent to Scan,2025-12-29,,New,Yes,2026-01-12 15:28:51.271403,https://www.dropbox.com/scl/fi/316zetbljhtu473hrjac3/new_jobs_20260112_161201.xlsx?rlkey=adblgm6c8vd21wk0y4kt9o0nd&dl=0
False,Soccer Field Renovations At Washington And Palomares Park,https://app.constructconnect.com/project/7342723/c?sourceType=3,,,330600.0,"Pomona, CA",GC Bidding,2026-01-05,2026-02-09,Drawings & Specs Available,2025-12-29,,New,Yes,2026-01-12 15:28:51.271917,https://www.dropbox.com/scl/fi/316zetbljhtu473hrjac3/new_jobs_20260112_161201.xlsx?rlkey=adblgm6c8vd21wk0y4kt9o0nd&dl=0
False,Garfield Elementary School ECE Playground Improvements & Ball Wall - General Construction,https://app.constructconnect.com/project/7355269/c?sourceType=3,,,300000.0,"Santa Ana, CA",GC Bidding,2026-01-27,2026-03-09,Drawings & Specs Available,2025-12-29,,New,Yes,2026-01-12 15:28:51.272435,https://www.dropbox.com/scl/fi/316zetbljhtu473hrjac3/new_jobs_20260112_161201.xlsx?rlkey=adblgm6c8vd21wk0y4kt9o0nd&dl=0
False,RFQ - Low Voltage System Support And Maintenance Services,https://app.constructconnect.com/project/7363817/c?sourceType=3,,,100000.0,"Lake Forest, CA",GC Bidding,2026-01-08,2026-02-21,Requesting Plans,2025-12-28,,New,Yes,2026-01-12 15:28:51.272868,https://www.dropbox.com/scl/fi/316zetbljhtu473hrjac3/new_jobs_20260112_161201.xlsx?rlkey=adblgm6c8vd21wk0y4kt9o0nd&dl=0
False,Fernangeles Park Stormwater Capture Project,https://app.constructconnect.com/project/7358535/c?sourceType=3,,,200000.0,"Los Angeles, CA",GC Bidding,2026-01-14,2026-02-13,Drawings & Specs Available,2025-12-26,,New,Yes,2026-01-12 15:28:51.273317,https://www.dropbox.com/scl/fi/316zetbljhtu473hrjac3/new_jobs_20260112_161201.xlsx?rlkey=adblgm6c8vd21wk0y4kt9o0nd&dl=0
False,MDF/IDF Switch Replacement Project,https://app.constructconnect.com/project/7326643/c?sourceType=3,,,1000000.0,"Long Beach, CA",GC Bidding,2026-01-07,2026-07-01,Specs Only,2025-12-26,,New,Yes,2026-01-12 15:28:51.273807,https://www.dropbox.com/scl/fi/316zetbljhtu473hrjac3/new_jobs_20260112_161201.xlsx?rlkey=adblgm6c8vd21wk0y4kt9o0nd&dl=0
False,RFQ - El Sobrante Reservoir Cleaning Services,https://app.constructconnect.com/project/7363954/c?sourceType=3,,,300000.0,"Riverside, CA",GC Bidding,2026-01-26,2026-03-12,Requesting Plans,2025-12-26,,New,Yes,2026-01-12 15:28:51.274266,https://www.dropbox.com/scl/fi/316zetbljhtu473hrjac3/new_jobs_20260112_161201.xlsx?rlkey=adblgm6c8vd21wk0y4kt9o0nd&dl=0
False,Kella Avenue and Rooks Road Storm Drain and Pavement Rehabilitation,https://app.constructconnect.com/project/6563544/c?sourceType=3,,,1148000.0,"City of Industry, CA",GC Bidding,2026-01-15,2026-03-16,Drawings & Specs Available,2025-12-26,,New,Yes,2026-01-12 15:28:51.274712,https://www.dropbox.com/scl/fi/316zetbljhtu473hrjac3/new_jobs_20260112_161201.xlsx?rlkey=adblgm6c8vd21wk0y4kt9o0nd&dl=0
False,Indigenous Interpretive Space - Phase I,https://app.constructconnect.com/project/7358625/c?sourceType=3,,,1450000.0,"Irvine, CA",GC Bidding,2026-01-22,2026-03-23,Drawings & Specs Available,2025-12-26,,New,Yes,2026-01-12 15:28:51.275130,https://www.dropbox.com/scl/fi/316zetbljhtu473hrjac3/new_jobs_20260112_161201.xlsx?rlkey=adblgm6c8vd21wk0y4kt9o0nd&dl=0
False,CDBG Funded Curb Ramps Improvements Project,https://app.constructconnect.com/project/7348656/c?sourceType=3,,,300000.0,"Glendora, CA",GC Bidding,2026-01-08,2026-02-09,Drawings & Specs Available,2025-12-26,,New,Yes,2026-01-12 15:28:51.275538,https://www.dropbox.com/scl/fi/316zetbljhtu473hrjac3/new_jobs_20260112_161201.xlsx?rlkey=adblgm6c8vd21wk0y4kt9o0nd&dl=0
False,Asphalt Paving Maintenance Bike Trails and Parking Lots,https://app.constructconnect.com/project/7245097/c?sourceType=3,,,935500.0,"Irvine, CA",GC Bidding,2026-01-06,2026-01-15,Specs Only,2025-12-24,,New,Yes,2026-01-12 15:28:51.276098,https://www.dropbox.com/scl/fi/316zetbljhtu473hrjac3/new_jobs_20260112_161201.xlsx?rlkey=adblgm6c8vd21wk0y4kt9o0nd&dl=0
False,RFP - Fire Apparatus Maintenance and Repair Services,https://app.constructconnect.com/project/7361770/c?sourceType=3,,,200000.0,"San Marino, CA",GC Bidding,2026-01-23,2026-03-09,Requesting Plans,2025-12-23,,New,Yes,2026-01-12 15:28:51.276706,https://www.dropbox.com/scl/fi/316zetbljhtu473hrjac3/new_jobs_20260112_161201.xlsx?rlkey=adblgm6c8vd21wk0y4kt9o0nd&dl=0
False,Equipping of Water Wells Commission 23A and El Dorado 2,https://app.constructconnect.com/project/7355604/c?sourceType=3,,,500000.0,"Long Beach, CA",GC Bidding,2026-01-23,2026-02-23,Drawings & Specs Available,2025-12-23,,New,Yes,2026-01-12 15:28:51.277171,https://www.dropbox.com/scl/fi/316zetbljhtu473hrjac3/new_jobs_20260112_161201.xlsx?rlkey=adblgm6c8vd21wk0y4kt9o0nd&dl=0
False,Construction of Bus Stop Sidewalk at Various Locations,https://app.constructconnect.com/project/7360675/c?sourceType=3,,,100000.0,"Loma Linda, CA",GC Bidding,2026-02-03,2026-03-05,Specs Only,2025-12-23,,New,Yes,2026-01-12 15:28:51.277753,https://www.dropbox.com/scl/fi/316zetbljhtu473hrjac3/new_jobs_20260112_161201.xlsx?rlkey=adblgm6c8vd21wk0y4kt9o0nd&dl=0
False,Police Department Restroom Remodel Project,https://app.constructconnect.com/project/7350608/c?sourceType=3,,,200000.0,"Colton, CA",GC Bidding,2026-01-15,2026-03-01,Requesting Plans,2025-12-23,,New,Yes,2026-01-12 15:28:51.278340,https://www.dropbox.com/scl/fi/316zetbljhtu473hrjac3/new_jobs_20260112_161201.xlsx?rlkey=adblgm6c8vd21wk0y4kt9o0nd&dl=0
False,UCLA Wilshire Center Suite 1500 Renovation,https://app.constructconnect.com/project/7347776/c?sourceType=3,,,1300000.0,"Los Angeles, CA",GC Bidding,2026-01-13,2026-03-16,Drawings & Specs Available,2025-12-23,,New,Yes,2026-01-12 15:28:51.306577,https://www.dropbox.com/scl/fi/316zetbljhtu473hrjac3/new_jobs_20260112_161201.xlsx?rlkey=adblgm6c8vd21wk0y4kt9o0nd&dl=0
False,SB 1383 Organics/Recycling Consultant Services,https://app.constructconnect.com/project/7360560/c?sourceType=3,,,100000.0,"Culver City, CA",GC Bidding,2026-01-29,2026-03-15,Requesting Plans,2025-12-23,,New,Yes,2026-01-12 15:28:51.285394,https://www.dropbox.com/scl/fi/316zetbljhtu473hrjac3/new_jobs_20260112_161201.xlsx?rlkey=adblgm6c8vd21wk0y4kt9o0nd&dl=0
False,Janitorial Services for Headquarters Building- Walnut Valley Water District,https://app.constructconnect.com/project/7360535/c?sourceType=3,,,100000.0,"City Industry, CA",GC Bidding,2026-01-17,2026-03-02,Requesting Plans,2025-12-23,,New,Yes,2026-01-12 15:28:51.279623,https://www.dropbox.com/scl/fi/316zetbljhtu473hrjac3/new_jobs_20260112_161201.xlsx?rlkey=adblgm6c8vd21wk0y4kt9o0nd&dl=0
False,Storm Drain Rehabilitation Project On Carlos Street,https://app.constructconnect.com/project/7347579/c?sourceType=3,,,165000.0,"Alhambra, CA",GC Bidding,2026-01-08,2026-02-09,Drawings & Specs Available,2025-12-23,,New,Yes,2026-01-12 15:28:51.279996,https://www.dropbox.com/scl/fi/316zetbljhtu473hrjac3/new_jobs_20260112_161201.xlsx?rlkey=adblgm6c8vd21wk0y4kt9o0nd&dl=0
False,Consultant Services for Office Ambiance and Branding,https://app.constructconnect.com/project/7359184/c?sourceType=3,,,100000.0,"Downey, CA",GC Bidding,2026-01-22,2026-07-01,Specs Only,2025-12-22,,New,Yes,2026-01-12 15:28:51.280386,https://www.dropbox.com/scl/fi/316zetbljhtu473hrjac3/new_jobs_20260112_161201.xlsx?rlkey=adblgm6c8vd21wk0y4kt9o0nd&dl=0
False,RFP Contractor - On-Call Emergency Sewer System Reconstruction and Point Repairs,https://app.constructconnect.com/project/7357734/c?sourceType=3,,,150000.0,"Pasadena, CA",GC Bidding,2026-01-15,2026-03-01,Requesting Plans,2025-12-22,,New,Yes,2026-01-12 15:28:51.280776,https://www.dropbox.com/scl/fi/316zetbljhtu473hrjac3/new_jobs_20260112_161201.xlsx?rlkey=adblgm6c8vd21wk0y4kt9o0nd&dl=0
False,Central Plant Cooling Tower Replacement,https://app.constructconnect.com/project/6841216/c?sourceType=3,,,1970822.0,"Chino, CA",GC Bidding,2026-01-22,2026-03-23,Drawings & Specs Available,2025-12-22,,New,Yes,2026-01-12 15:28:51.281179,https://www.dropbox.com/scl/fi/316zetbljhtu473hrjac3/new_jobs_20260112_161201.xlsx?rlkey=adblgm6c8vd21wk0y4kt9o0nd&dl=0
False,RFP - Erate Cat 2 Category 2 Services,https://app.constructconnect.com/project/7359988/c?sourceType=3,,,500000.0,"El Monte, CA",GC Bidding,2026-01-30,2026-03-16,Requesting Plans,2025-12-22,,New,Yes,2026-01-12 15:28:51.281618,https://www.dropbox.com/scl/fi/316zetbljhtu473hrjac3/new_jobs_20260112_161201.xlsx?rlkey=adblgm6c8vd21wk0y4kt9o0nd&dl=0
False,RFP Construction Manager - Request For Qualifications/Request For Proposals On-Call Construction/Project Management and Inspection Services,https://app.constructconnect.com/project/7358534/c?sourceType=3,,,1000000.0,"San Marino, CA",GC Bidding,2026-01-22,2026-03-08,Requesting Plans,2025-12-22,,New,Yes,2026-01-12 15:28:51.281998,https://www.dropbox.com/scl/fi/316zetbljhtu473hrjac3/new_jobs_20260112_161201.xlsx?rlkey=adblgm6c8vd21wk0y4kt9o0nd&dl=0
False,Building Upgrades At Huerta,https://app.constructconnect.com/project/7348045/c?sourceType=3,,,220000.0,"Norwalk, CA",GC Bidding,2026-01-13,2026-02-12,Specs Only,2025-12-22,,New,Yes,2026-01-12 15:28:51.282369,https://www.dropbox.com/scl/fi/316zetbljhtu473hrjac3/new_jobs_20260112_161201.xlsx?rlkey=adblgm6c8vd21wk0y4kt9o0nd&dl=0
False,Audio & Lighting at Orange High School Little Theater,https://app.constructconnect.com/project/7350785/c?sourceType=3,,,300000.0,"Orange, CA",GC Bidding,2026-01-12,2026-02-11,Drawings & Specs Available,2025-12-22,,New,Yes,2026-01-12 15:28:51.282736,https://www.dropbox.com/scl/fi/316zetbljhtu473hrjac3/new_jobs_20260112_161201.xlsx?rlkey=adblgm6c8vd21wk0y4kt9o0nd&dl=0
False,Pre-K Playground Replacement at Lincoln Elementary School,https://app.constructconnect.com/project/7345451/c?sourceType=3,,,300000.0,"Lynwood, CA",GC Bidding,2026-01-20,2026-03-02,Specs Only,2025-12-21,,New,Yes,2026-01-12 15:28:51.283149,https://www.dropbox.com/scl/fi/316zetbljhtu473hrjac3/new_jobs_20260112_161201.xlsx?rlkey=adblgm6c8vd21wk0y4kt9o0nd&dl=0
False,Relocation of 12-Inch Domestic Water Pipeline at I-5 Segment 1and Sand Canyon Avenue,https://app.constructconnect.com/project/7355800/c?sourceType=3,,,393000.0,"Irvine, CA",GC Bidding,2026-02-03,2026-03-05,Drawings & Specs Available,2025-12-21,,New,Yes,2026-01-12 15:28:51.283537,https://www.dropbox.com/scl/fi/316zetbljhtu473hrjac3/new_jobs_20260112_161201.xlsx?rlkey=adblgm6c8vd21wk0y4kt9o0nd&dl=0
False,Agenda Management Software,https://app.constructconnect.com/project/7359143/c?sourceType=3,,,300000.0,"San Bernardino, CA",GC Bidding,2026-01-05,2026-02-19,Requesting Plans,2025-12-21,,New,Yes,2026-01-12 15:28:51.283908,https://www.dropbox.com/scl/fi/316zetbljhtu473hrjac3/new_jobs_20260112_161201.xlsx?rlkey=adblgm6c8vd21wk0y4kt9o0nd&dl=0
False,RCTC - ON-CALL TRANSPORTATION DEMAND MANAGEMENT (TDM) SERVICES,https://app.constructconnect.com/project/7358687/c?sourceType=3,,,1000000.0,"Riverside, CA",GC Bidding,2026-01-29,2026-03-15,Requesting Plans,2025-12-20,,New,Yes,2026-01-12 15:28:51.284280,https://www.dropbox.com/scl/fi/316zetbljhtu473hrjac3/new_jobs_20260112_161201.xlsx?rlkey=adblgm6c8vd21wk0y4kt9o0nd&dl=0
False,RCTC - INLAND EMPIRE NEXT GENERTION STRATEGIC TRANSPORTATION DEMAND MANAGEMENT (TDM) PLAN SERVICES,https://app.constructconnect.com/project/7358693/c?sourceType=3,,,300000.0,"Riverside, CA",GC Bidding,2026-01-29,2026-03-15,Requesting Plans,2025-12-20,,New,Yes,2026-01-12 15:28:51.284653,https://www.dropbox.com/scl/fi/316zetbljhtu473hrjac3/new_jobs_20260112_161201.xlsx?rlkey=adblgm6c8vd21wk0y4kt9o0nd&dl=0
False,Foothill Transit and Public Access CNG Fueling Stations,https://app.constructconnect.com/project/7358624/c?sourceType=3,,,1000000.0,"West Covina, CA",GC Bidding,2026-02-20,2026-04-06,Requesting Plans,2025-12-20,,New,Yes,2026-01-12 15:28:51.285019,https://www.dropbox.com/scl/fi/316zetbljhtu473hrjac3/new_jobs_20260112_161201.xlsx?rlkey=adblgm6c8vd21wk0y4kt9o0nd&dl=0
False,SB 1383 Organics/Recycling Consultant Services,https://app.constructconnect.com/project/7358621/c?sourceType=3,,,200000.0,"Culver City, CA",GC Bidding,2026-01-29,2026-03-15,Requesting Plans,2025-12-20,,New,Yes,2026-01-12 15:28:51.285394,https://www.dropbox.com/scl/fi/316zetbljhtu473hrjac3/new_jobs_20260112_161201.xlsx?rlkey=adblgm6c8vd21wk0y4kt9o0nd&dl=0
False,On-Call Grant Management and Funding Assistance,https://app.constructconnect.com/project/7358609/c?sourceType=3,,,1000000.0,"Long Beach, CA",GC Bidding,2026-02-03,2026-03-20,Requesting Plans,2025-12-20,,New,Yes,2026-01-12 15:28:51.285762,https://www.dropbox.com/scl/fi/316zetbljhtu473hrjac3/new_jobs_20260112_161201.xlsx?rlkey=adblgm6c8vd21wk0y4kt9o0nd&dl=0
False,Citywide Pavement Rehabilitation Project,https://app.constructconnect.com/project/7358686/c?sourceType=3,,,,"Fontana, CA",GC Bidding,2026-01-22,2026-03-08,Requesting Plans,2025-12-20,,New,Yes,2026-01-12 15:28:51.286129,https://www.dropbox.com/scl/fi/316zetbljhtu473hrjac3/new_jobs_20260112_161201.xlsx?rlkey=adblgm6c8vd21wk0y4kt9o0nd&dl=0
False,RFP - Request For Proposals For On-Call Consultant Services On An As Needed Basis For NPDES And Sewer WDR Compliance Support,https://app.constructconnect.com/project/7358141/c?sourceType=3,,,500000.0,"Anaheim, CA",GC Bidding,2026-02-05,2026-03-22,Requesting Plans,2025-12-20,,New,Yes,2026-01-12 15:28:51.286512,https://www.dropbox.com/scl/fi/316zetbljhtu473hrjac3/new_jobs_20260112_161201.xlsx?rlkey=adblgm6c8vd21wk0y4kt9o0nd&dl=0
False,Tile Recladding (BV)  (PSA) (Rebid) - Foshay Learning Center,https://app.constructconnect.com/project/7166968/c?sourceType=3,,,1662000.0,"Los Angeles, CA",GC Bidding,2026-02-11,2026-03-02,Specs Only,2025-12-19,,New,Yes,2026-01-12 15:28:51.286882,https://www.dropbox.com/scl/fi/316zetbljhtu473hrjac3/new_jobs_20260112_161201.xlsx?rlkey=adblgm6c8vd21wk0y4kt9o0nd&dl=0
False,RFP Engineering - On-Call Stormwater Engineering and Regulatory Compliance Support Services,https://app.constructconnect.com/project/7337918/c?sourceType=3,,,1000000.0,"Pasadena, CA",GC Bidding,2026-01-07,2026-02-23,Requesting Plans,2025-12-19,,New,Yes,2026-01-12 15:28:51.287271,https://www.dropbox.com/scl/fi/316zetbljhtu473hrjac3/new_jobs_20260112_161201.xlsx?rlkey=adblgm6c8vd21wk0y4kt9o0nd&dl=0
False,"Oaks Stairway and Overlook Project - East-fork, San Gaberial River",https://app.constructconnect.com/project/7356750/c?sourceType=3,,,300000.0,"Azusa, CA",GC Bidding,2026-01-27,2026-02-02,Drawings & Specs Available,2025-12-19,,New,Yes,2026-01-12 15:28:51.287662,https://www.dropbox.com/scl/fi/316zetbljhtu473hrjac3/new_jobs_20260112_161201.xlsx?rlkey=adblgm6c8vd21wk0y4kt9o0nd&dl=0
False,Chino Driveway Approach and ADA Improvements - Chino Campus,https://app.constructconnect.com/project/7352349/c?sourceType=3,,,187000.0,"Chino, CA",GC Bidding,2026-01-21,2026-02-20,Drawings & Specs Available,2025-12-19,,New,Yes,2026-01-12 15:28:51.288031,https://www.dropbox.com/scl/fi/316zetbljhtu473hrjac3/new_jobs_20260112_161201.xlsx?rlkey=adblgm6c8vd21wk0y4kt9o0nd&dl=0
False,RFP Construction Manager - On-Call Construction Management Services,https://app.constructconnect.com/project/7354173/c?sourceType=3,,,1500000.0,"Whittier, CA",GC Bidding,2026-01-16,2026-03-02,Requesting Plans,2025-12-19,,New,Yes,2026-01-12 15:28:51.288444,https://www.dropbox.com/scl/fi/316zetbljhtu473hrjac3/new_jobs_20260112_161201.xlsx?rlkey=adblgm6c8vd21wk0y4kt9o0nd&dl=0
False,RFP - Bell Gardens Police Department Janitorial,https://app.constructconnect.com/project/7353790/c?sourceType=3,,,100000.0,"Bell Gardens, CA",GC Bidding,2026-01-07,2026-02-09,Requesting Plans,2025-12-19,,New,Yes,2026-01-12 15:28:51.288814,https://www.dropbox.com/scl/fi/316zetbljhtu473hrjac3/new_jobs_20260112_161201.xlsx?rlkey=adblgm6c8vd21wk0y4kt9o0nd&dl=0
False,Bid for the Construction of a Temporary Parking Lot at the Torrance Regional Transit Center,https://app.constructconnect.com/project/7349758/c?sourceType=3,,,250000.0,"Torrance, CA",GC Bidding,2026-02-13,2026-03-16,Drawings & Specs Available,2025-12-19,,New,Yes,2026-01-12 15:28:51.292283,https://www.dropbox.com/scl/fi/316zetbljhtu473hrjac3/new_jobs_20260112_161201.xlsx?rlkey=adblgm6c8vd21wk0y4kt9o0nd&dl=0
False,District Wide Fall Protection Project - Phase 1,https://app.constructconnect.com/project/7353598/c?sourceType=3,,,682580.0,"Costa Mesa, CA",GC Bidding,2026-01-21,2026-02-20,Specs Only,2025-12-19,,New,Yes,2026-01-12 15:28:51.317810,https://www.dropbox.com/scl/fi/316zetbljhtu473hrjac3/new_jobs_20260112_161201.xlsx?rlkey=adblgm6c8vd21wk0y4kt9o0nd&dl=0
False,Sidewalk Management Program,https://app.constructconnect.com/project/7353628/c?sourceType=3,,,500000.0,"Palos Verdes Estates, CA",GC Bidding,2026-01-31,2026-03-02,Specs Only,2025-12-19,,New,Yes,2026-01-12 15:28:51.289951,https://www.dropbox.com/scl/fi/316zetbljhtu473hrjac3/new_jobs_20260112_161201.xlsx?rlkey=adblgm6c8vd21wk0y4kt9o0nd&dl=0
False,City-Wide Elevator Maintenance and Repair Services,https://app.constructconnect.com/project/7356895/c?sourceType=3,,,500000.0,"Torrance, CA",GC Bidding,2026-01-22,2026-03-08,Requesting Plans,2025-12-19,,New,Yes,2026-01-12 15:28:51.290325,https://www.dropbox.com/scl/fi/316zetbljhtu473hrjac3/new_jobs_20260112_161201.xlsx?rlkey=adblgm6c8vd21wk0y4kt9o0nd&dl=0
False,RFP - Wide Area Network Service,https://app.constructconnect.com/project/7357901/c?sourceType=3,,,300000.0,"Riverside, CA",GC Bidding,2026-01-20,2026-03-06,Requesting Plans,2025-12-19,,New,Yes,2026-01-12 15:28:51.290692,https://www.dropbox.com/scl/fi/316zetbljhtu473hrjac3/new_jobs_20260112_161201.xlsx?rlkey=adblgm6c8vd21wk0y4kt9o0nd&dl=0
False,"RFP - Alliance Agreement For Pipe, Pipe Fittings And Misc Water Fittings",https://app.constructconnect.com/project/7358203/c?sourceType=3,,,1000000.0,"Burbank, CA",GC Bidding,2026-01-21,2026-03-07,Requesting Plans,2025-12-19,,New,Yes,2026-01-12 15:28:51.291066,https://www.dropbox.com/scl/fi/316zetbljhtu473hrjac3/new_jobs_20260112_161201.xlsx?rlkey=adblgm6c8vd21wk0y4kt9o0nd&dl=0
False,Skatepark at Grijalva Park,https://app.constructconnect.com/project/7330923/c?sourceType=3,,,1900000.0,"Orange, CA",GC Bidding,2026-01-08,2026-03-09,Drawings & Specs Available,2025-12-19,,New,Yes,2026-01-12 15:28:51.291458,https://www.dropbox.com/scl/fi/316zetbljhtu473hrjac3/new_jobs_20260112_161201.xlsx?rlkey=adblgm6c8vd21wk0y4kt9o0nd&dl=0
False,Camp Commerce Deck Replacement,https://app.constructconnect.com/project/7349461/c?sourceType=3,,,100000.0,"Lake Arrowhead, CA",GC Bidding,2026-02-06,2026-03-02,Specs Only,2025-12-19,,New,Yes,2026-01-12 15:28:51.291877,https://www.dropbox.com/scl/fi/316zetbljhtu473hrjac3/new_jobs_20260112_161201.xlsx?rlkey=adblgm6c8vd21wk0y4kt9o0nd&dl=0
False,Bid for the Construction of a Temporary Parking Lot at the Torrance Regional Transit Center,https://app.constructconnect.com/project/7352333/c?sourceType=3,,,250000.0,"Torrance, CA",GC Bidding,2026-02-13,2026-03-30,Requesting Plans,2025-12-19,,New,Yes,2026-01-12 15:28:51.292283,https://www.dropbox.com/scl/fi/316zetbljhtu473hrjac3/new_jobs_20260112_161201.xlsx?rlkey=adblgm6c8vd21wk0y4kt9o0nd&dl=0
False,Decommissioning of PRVs RPR 003 and RPR 069,https://app.constructconnect.com/project/7354358/c?sourceType=3,,,140000.0,"Irvine, CA",GC Bidding,2026-01-22,2026-02-23,Drawings & Specs Available,2025-12-18,,New,Yes,2026-01-12 15:28:51.292711,https://www.dropbox.com/scl/fi/316zetbljhtu473hrjac3/new_jobs_20260112_161201.xlsx?rlkey=adblgm6c8vd21wk0y4kt9o0nd&dl=0
False,Lytle Creek Gatehouse Tainter Gate Controls Power System Repair,https://app.constructconnect.com/project/7341165/c?sourceType=3,,,200000.0,"San Bernardino, CA",GC Bidding,2026-01-15,2026-02-16,Drawings & Specs Available,2025-12-18,,New,Yes,2026-01-12 15:28:51.293162,https://www.dropbox.com/scl/fi/316zetbljhtu473hrjac3/new_jobs_20260112_161201.xlsx?rlkey=adblgm6c8vd21wk0y4kt9o0nd&dl=0
False,Executive Recruitment Services,https://app.constructconnect.com/project/7355060/c?sourceType=3,,,,"Rialto, CA",GC Bidding,2026-01-13,2026-02-26,Requesting Plans,2025-12-18,,New,Yes,2026-01-12 15:28:51.293889,https://www.dropbox.com/scl/fi/316zetbljhtu473hrjac3/new_jobs_20260112_161201.xlsx?rlkey=adblgm6c8vd21wk0y4kt9o0nd&dl=0
False,RFP - Construction & Demolition Facility Operation Services,https://app.constructconnect.com/project/7355739/c?sourceType=3,,,1000000.0,"Laguna Niguel, CA",GC Bidding,2026-01-27,2026-03-13,Requesting Plans,2025-12-18,,New,Yes,2026-01-12 15:28:51.294405,https://www.dropbox.com/scl/fi/316zetbljhtu473hrjac3/new_jobs_20260112_161201.xlsx?rlkey=adblgm6c8vd21wk0y4kt9o0nd&dl=0
False,RFP - Custodial Services For Various City Facilities,https://app.constructconnect.com/project/7341318/c?sourceType=3,,,500000.0,"Riverside, CA",GC Bidding,2026-01-07,2026-02-06,Requesting Plans,2025-12-17,,New,Yes,2026-01-12 15:28:51.294821,https://www.dropbox.com/scl/fi/316zetbljhtu473hrjac3/new_jobs_20260112_161201.xlsx?rlkey=adblgm6c8vd21wk0y4kt9o0nd&dl=0
False,Wide Area Network Services For E-Rate Funding Year 24,https://app.constructconnect.com/project/7350014/c?sourceType=3,,,300000.0,"Victorville, CA",GC Bidding,2026-01-14,2026-07-01,Specs Only,2025-12-17,,New,Yes,2026-01-12 15:28:51.295221,https://www.dropbox.com/scl/fi/316zetbljhtu473hrjac3/new_jobs_20260112_161201.xlsx?rlkey=adblgm6c8vd21wk0y4kt9o0nd&dl=0
False,Social Media Management Platform,https://app.constructconnect.com/project/7353626/c?sourceType=3,,,500000.0,"Riverside, CA",GC Bidding,2026-01-12,2026-02-26,Requesting Plans,2025-12-17,,New,Yes,2026-01-12 15:28:51.295643,https://www.dropbox.com/scl/fi/316zetbljhtu473hrjac3/new_jobs_20260112_161201.xlsx?rlkey=adblgm6c8vd21wk0y4kt9o0nd&dl=0
False,RFP - Transportation And Removal Of Hazardous Materials,https://app.constructconnect.com/project/7349733/c?sourceType=3,,,500000.0,"Riverside, CA",GC Bidding,2026-01-13,2026-02-27,Requesting Plans,2025-12-17,,New,Yes,2026-01-12 15:28:51.296024,https://www.dropbox.com/scl/fi/316zetbljhtu473hrjac3/new_jobs_20260112_161201.xlsx?rlkey=adblgm6c8vd21wk0y4kt9o0nd&dl=0
False,Palmdale Water District Well 2 and 3 Rehabilitation,https://app.constructconnect.com/project/7337514/c?sourceType=3,,,300000.0,"Palmdale, CA",GC Bidding,2026-01-14,2026-02-11,Sent to Scan,2025-12-16,,New,Yes,2026-01-12 15:28:51.296498,https://www.dropbox.com/scl/fi/316zetbljhtu473hrjac3/new_jobs_20260112_161201.xlsx?rlkey=adblgm6c8vd21wk0y4kt9o0nd&dl=0
False,VL107 Reconfiguration Project,https://app.constructconnect.com/project/7349105/c?sourceType=3,,,2000000.0,"Santa Ana, CA",GC Bidding,2026-01-21,2026-03-23,Drawings & Specs Available,2025-12-16,,New,Yes,2026-01-12 15:28:51.297044,https://www.dropbox.com/scl/fi/316zetbljhtu473hrjac3/new_jobs_20260112_161201.xlsx?rlkey=adblgm6c8vd21wk0y4kt9o0nd&dl=0
False,Well 232 Drilling and Testing,https://app.constructconnect.com/project/7331281/c?sourceType=3,,,1800000.0,"Perris, CA",GC Bidding,2026-01-15,2026-02-16,Drawings & Specs Available,2025-12-16,,New,Yes,2026-01-12 15:28:51.297629,https://www.dropbox.com/scl/fi/316zetbljhtu473hrjac3/new_jobs_20260112_161201.xlsx?rlkey=adblgm6c8vd21wk0y4kt9o0nd&dl=0
False,RIVERSIDE FIRE STATION  NUMBER 11 KITCHEN REMODEL,https://app.constructconnect.com/project/7352352/c?sourceType=3,,,200000.0,"Riverside, CA",GC Bidding,2026-01-22,2026-03-08,Requesting Plans,2025-12-16,,New,Yes,2026-01-12 15:28:51.298054,https://www.dropbox.com/scl/fi/316zetbljhtu473hrjac3/new_jobs_20260112_161201.xlsx?rlkey=adblgm6c8vd21wk0y4kt9o0nd&dl=0
False,North Etiwanda Preserve Bathroom Addition,https://app.constructconnect.com/project/7324396/c?sourceType=3,,,500000.0,"Rancho Cucamonga, CA",GC Bidding,2026-01-07,2026-02-06,Drawings & Specs Available,2025-12-16,,New,Yes,2026-01-12 15:28:51.298503,https://www.dropbox.com/scl/fi/316zetbljhtu473hrjac3/new_jobs_20260112_161201.xlsx?rlkey=adblgm6c8vd21wk0y4kt9o0nd&dl=0
False,RFP PROCUREMENT OF SCADA SOFTWARE,https://app.constructconnect.com/project/7352246/c?sourceType=3,,,200000.0,"San Bernardino, CA",GC Bidding,2026-01-12,2026-02-26,Requesting Plans,2025-12-16,,New,Yes,2026-01-12 15:28:51.299002,https://www.dropbox.com/scl/fi/316zetbljhtu473hrjac3/new_jobs_20260112_161201.xlsx?rlkey=adblgm6c8vd21wk0y4kt9o0nd&dl=0
False,Community Based Social Marketing (Zero Waste),https://app.constructconnect.com/project/7352320/c?sourceType=3,,,500000.0,"Beverly Hills, CA",GC Bidding,2026-01-17,2026-03-02,Requesting Plans,2025-12-16,,New,Yes,2026-01-12 15:28:51.299507,https://www.dropbox.com/scl/fi/316zetbljhtu473hrjac3/new_jobs_20260112_161201.xlsx?rlkey=adblgm6c8vd21wk0y4kt9o0nd&dl=0
False,Weingart Senior Center Renovation Project,https://app.constructconnect.com/project/7316231/c?sourceType=3,,,600000.0,"Lakewood, CA",GC Bidding,2026-01-21,2026-02-20,Requesting Plans,2025-12-16,,New,Yes,2026-01-12 15:28:51.299885,https://www.dropbox.com/scl/fi/316zetbljhtu473hrjac3/new_jobs_20260112_161201.xlsx?rlkey=adblgm6c8vd21wk0y4kt9o0nd&dl=0
False,James George Bell House Building Exterior Repairs And Painting Project,https://app.constructconnect.com/project/7348371/c?sourceType=3,,,190000.0,"Bell Gardens, CA",GC Bidding,2026-01-27,2026-02-26,Drawings & Specs Available,2025-12-12,,New,Yes,2026-01-12 15:28:51.300262,https://www.dropbox.com/scl/fi/316zetbljhtu473hrjac3/new_jobs_20260112_161201.xlsx?rlkey=adblgm6c8vd21wk0y4kt9o0nd&dl=0
False,RFP - Glen Helen Regional Park Concession OpportunityAerial Adventure Park,https://app.constructconnect.com/project/7321556/c?sourceType=3,,,1000000.0,"San Bernardino, CA",GC Bidding,2026-02-07,2026-04-07,Specs Only,2025-12-12,,New,Yes,2026-01-12 15:28:51.300656,https://www.dropbox.com/scl/fi/316zetbljhtu473hrjac3/new_jobs_20260112_161201.xlsx?rlkey=adblgm6c8vd21wk0y4kt9o0nd&dl=0
False,Riverside Fire Station Number 11 Kitchen Remodel,https://app.constructconnect.com/project/7346916/c?sourceType=3,,,,"Riverside, CA",GC Bidding,2026-01-22,2026-03-08,Requesting Plans,2025-12-10,,New,Yes,2026-01-12 15:28:51.301027,https://www.dropbox.com/scl/fi/316zetbljhtu473hrjac3/new_jobs_20260112_161201.xlsx?rlkey=adblgm6c8vd21wk0y4kt9o0nd&dl=0
False,FY25-26 Citywide Sidewalk Maintenance Project,https://app.constructconnect.com/project/7342303/c?sourceType=3,,,60000.0,"Cudahy, CA",GC Bidding,2026-01-06,2026-02-23,Specs Only,2025-12-08,,New,Yes,2026-01-12 15:28:51.301462,https://www.dropbox.com/scl/fi/316zetbljhtu473hrjac3/new_jobs_20260112_161201.xlsx?rlkey=adblgm6c8vd21wk0y4kt9o0nd&dl=0
False,Commercial Street Improvement for Dinard-Maryton-Marquardt-Park & Pike,https://app.constructconnect.com/project/7318897/c?sourceType=3,,,800000.0,"Santa Fe Springs, CA",GC Bidding,2026-01-15,2026-02-16,Drawings & Specs Available,2025-12-05,,New,Yes,2026-01-12 15:28:51.301860,https://www.dropbox.com/scl/fi/316zetbljhtu473hrjac3/new_jobs_20260112_161201.xlsx?rlkey=adblgm6c8vd21wk0y4kt9o0nd&dl=0
False,Mendoza Force Main Redundancy & Improvements,https://app.constructconnect.com/project/7314926/c?sourceType=3,,,454108.0,"Costa Mesa, CA",GC Bidding,2026-01-07,2026-02-06,Specs Only,2025-12-05,,New,Yes,2026-01-12 15:28:51.302234,https://www.dropbox.com/scl/fi/316zetbljhtu473hrjac3/new_jobs_20260112_161201.xlsx?rlkey=adblgm6c8vd21wk0y4kt9o0nd&dl=0
False,Mcadam Park Project,https://app.constructconnect.com/project/7178237/c?sourceType=3,,,213240.0,"Palmdale, CA",GC Bidding,2026-01-26,2026-03-31,Drawings & Specs Available,2025-12-02,,New,Yes,2026-01-12 15:28:51.302614,https://www.dropbox.com/scl/fi/316zetbljhtu473hrjac3/new_jobs_20260112_161201.xlsx?rlkey=adblgm6c8vd21wk0y4kt9o0nd&dl=0
False,RFP - Category 2  Networking Equipment,https://app.constructconnect.com/project/7335476/c?sourceType=3,,,2000000.0,"South El Monte, CA",GC Bidding,2026-01-08,2026-07-01,Requesting Plans,2025-11-27,,New,Yes,2026-01-12 15:28:51.302990,https://www.dropbox.com/scl/fi/316zetbljhtu473hrjac3/new_jobs_20260112_161201.xlsx?rlkey=adblgm6c8vd21wk0y4kt9o0nd&dl=0
False,RFP - Category 1 - Wide Area Network (WAN),https://app.constructconnect.com/project/7328604/c?sourceType=3,,,500000.0,"South El Monte, CA",GC Bidding,2026-01-08,2026-02-22,Specs Only,2025-11-25,,New,Yes,2026-01-12 15:28:51.303395,https://www.dropbox.com/scl/fi/316zetbljhtu473hrjac3/new_jobs_20260112_161201.xlsx?rlkey=adblgm6c8vd21wk0y4kt9o0nd&dl=0
False,E-Rate Funding Year 2026-2027 (E-Rate YR 29) RFP ID Wcusd Erate 01:2526 Category 2,https://app.constructconnect.com/project/7324803/c?sourceType=3,,,300000.0,"West Covina, CA",GC Bidding,2026-01-09,2026-07-01,Specs Only,2025-11-21,,New,Yes,2026-01-12 15:28:51.303813,https://www.dropbox.com/scl/fi/316zetbljhtu473hrjac3/new_jobs_20260112_161201.xlsx?rlkey=adblgm6c8vd21wk0y4kt9o0nd&dl=0
False,Long Beach Water Reclamation Plant - Aeration System Improvements,https://app.constructconnect.com/project/7285248/c?sourceType=3,,,2000000.0,"Long Beach, CA",GC Bidding,2026-01-27,2026-04-23,Drawings & Specs Available,2025-10-20,,New,Yes,2026-01-12 15:28:51.304183,https://www.dropbox.com/scl/fi/316zetbljhtu473hrjac3/new_jobs_20260112_161201.xlsx?rlkey=adblgm6c8vd21wk0y4kt9o0nd&dl=0
False,Fire Station No. 1 Living Quarters Gender Compliance Improvement Project,https://www.bidocean.com/subscriber-portal/view-opportunity/4704822692a8f8aa4ea38.97416777,"La Verne, City of",,,"La Verne, Los Angeles, CA",,2026-01-06,2025-12-04,,2026-01-04,,New,Yes,2026-01-12 15:28:51.304647,https://www.dropbox.com/scl/fi/316zetbljhtu473hrjac3/new_jobs_20260112_161201.xlsx?rlkey=adblgm6c8vd21wk0y4kt9o0nd&dl=0
False,HVAC Maintenance Services (Union Station West Portal),https://www.bidocean.com/subscriber-portal/view-opportunity/17172734776958fa1f7b7030.72352882,Los Angeles County Metropolitan Transportation Authority (Metro),,,"Los Angeles, Los Angeles, CA",,2026-02-10,2026-01-07,,2026-01-03,,New,Yes,2026-01-12 15:28:51.305032,https://www.dropbox.com/scl/fi/316zetbljhtu473hrjac3/new_jobs_20260112_161201.xlsx?rlkey=adblgm6c8vd21wk0y4kt9o0nd&dl=0
False,Upper Las Virgenes Roof Project,https://www.bidocean.com/subscriber-portal/view-opportunity/20395030426958bba718aee2.17412999,Mountains Recreation and Conservation Authority,,,"Los Angeles, Los Angeles, CA",,2026-01-19,2026-01-07,,2026-01-03,,New,Yes,2026-01-12 15:28:51.305408,https://www.dropbox.com/scl/fi/316zetbljhtu473hrjac3/new_jobs_20260112_161201.xlsx?rlkey=adblgm6c8vd21wk0y4kt9o0nd&dl=0
False,Pacific Concourse Drive Tenant Improvements,https://www.bidocean.com/subscriber-portal/view-opportunity/8531040369302466e4b910.29797248,"University of California, Los Angeles (UCLA), Contracts Administration",,,"Los Angeles, Los Angeles, CA",,2026-01-15,2025-12-04,,2026-01-02,,New,Yes,2026-01-12 15:28:51.305808,https://www.dropbox.com/scl/fi/316zetbljhtu473hrjac3/new_jobs_20260112_161201.xlsx?rlkey=adblgm6c8vd21wk0y4kt9o0nd&dl=0
False,Maintenance Bay Upgrade,https://www.bidocean.com/subscriber-portal/view-opportunity/372406702692d4bd10bcbd6.63231884,Antelope Valley Transit Authority,,,"Lancaster, Los Angeles, CA",,2026-01-12,2025-12-09,,2026-01-02,,New,Yes,2026-01-12 15:28:51.306189,https://www.dropbox.com/scl/fi/316zetbljhtu473hrjac3/new_jobs_20260112_161201.xlsx?rlkey=adblgm6c8vd21wk0y4kt9o0nd&dl=0
False,UCLA Wilshire Center Suite 1500 Renovation,https://www.bidocean.com/subscriber-portal/view-opportunity/14066969276954fedbdce841.32421710,UCLA Asset Management,,,"Los Angeles, Los Angeles, CA",,2026-01-13,,,2025-12-31,,New,Yes,2026-01-12 15:28:51.306577,https://www.dropbox.com/scl/fi/316zetbljhtu473hrjac3/new_jobs_20260112_161201.xlsx?rlkey=adblgm6c8vd21wk0y4kt9o0nd&dl=0
False,Duarte Teen Center Boxing Patio Addition,https://www.bidocean.com/subscriber-portal/view-opportunity/161565177569304ad1232521.58108038,"Duarte, City of",,,"Duarte, Los Angeles, CA",,2025-12-29,2025-12-15,,2025-12-31,,New,Yes,2026-01-12 15:28:51.306952,https://www.dropbox.com/scl/fi/316zetbljhtu473hrjac3/new_jobs_20260112_161201.xlsx?rlkey=adblgm6c8vd21wk0y4kt9o0nd&dl=0
False,UCLA Wilshire Center 6th Floor Telecom Room Buildout,https://www.bidocean.com/subscriber-portal/view-opportunity/10768781476954eceeb1cb01.60939601,UCLA Asset Management,,,"Los Angeles, Los Angeles, CA",,2026-01-06,,,2025-12-31,,New,Yes,2026-01-12 15:28:51.307329,https://www.dropbox.com/scl/fi/316zetbljhtu473hrjac3/new_jobs_20260112_161201.xlsx?rlkey=adblgm6c8vd21wk0y4kt9o0nd&dl=0
False,Log Cabin Project (621 N Robertson Blvd) (Request for Pre-qualification),https://www.bidocean.com/subscriber-portal/view-opportunity/2908262596954e2f8e46922.35436446,"West Hollywood, City of",,,"West Hollywood, Los Angeles, CA",,2026-01-23,,,2025-12-31,,New,Yes,2026-01-12 15:28:51.307776,https://www.dropbox.com/scl/fi/316zetbljhtu473hrjac3/new_jobs_20260112_161201.xlsx?rlkey=adblgm6c8vd21wk0y4kt9o0nd&dl=0
False,Roof Replacement At City Maintenance Facility *Re-bid*,https://www.bidocean.com/subscriber-portal/view-opportunity/9798543576954dd793da734.79390149,"West Hollywood, City of",,,"West Hollywood, Los Angeles, CA",,2026-01-16,,,2025-12-31,,New,Yes,2026-01-12 15:28:51.308180,https://www.dropbox.com/scl/fi/316zetbljhtu473hrjac3/new_jobs_20260112_161201.xlsx?rlkey=adblgm6c8vd21wk0y4kt9o0nd&dl=0
False,GSA Region 09 2026 Construction IDIQ Zone 4,https://www.bidocean.com/subscriber-portal/view-opportunity/114880880168db39f6dbfcf9.10607789,General Services Administration - Public Buildings Service,,,"San Francisco, Los Angeles, CA",,2026-01-30,,,2025-12-31,,New,Yes,2026-01-12 15:28:51.308585,https://www.dropbox.com/scl/fi/316zetbljhtu473hrjac3/new_jobs_20260112_161201.xlsx?rlkey=adblgm6c8vd21wk0y4kt9o0nd&dl=0
False,Public Health Building Restrooms - ADA Improvements (71925),https://www.bidocean.com/subscriber-portal/view-opportunity/415693221694e1d5c125f74.32568253,"Pasadena, City of",,,"Pasadena, Los Angeles, CA",,2026-01-29,2026-01-08,,2025-12-30,,New,Yes,2026-01-12 15:28:51.308959,https://www.dropbox.com/scl/fi/316zetbljhtu473hrjac3/new_jobs_20260112_161201.xlsx?rlkey=adblgm6c8vd21wk0y4kt9o0nd&dl=0
False,"Cleaning of the Heating, Ventilation, and Air Conditioning (HVAC) Systems - RFB",https://www.bidocean.com/subscriber-portal/view-opportunity/195020561469414f4e05b509.37958948,"Inglewood, City of",,,"Inglewood, Los Angeles, CA",,2026-01-14,2025-12-16,,2025-12-30,,New,Yes,2026-01-12 15:28:51.309326,https://www.dropbox.com/scl/fi/316zetbljhtu473hrjac3/new_jobs_20260112_161201.xlsx?rlkey=adblgm6c8vd21wk0y4kt9o0nd&dl=0
False,City-Wide Elevator Maintenance and Repair Services (Request for Qualification),https://www.bidocean.com/subscriber-portal/view-opportunity/281995353695492f51252c8.64558713,"Torrance, City of",,,"Torrance, Los Angeles, CA",,2026-01-22,,,2025-12-30,,New,Yes,2026-01-12 15:28:51.309790,https://www.dropbox.com/scl/fi/316zetbljhtu473hrjac3/new_jobs_20260112_161201.xlsx?rlkey=adblgm6c8vd21wk0y4kt9o0nd&dl=0
False,JEDI Zone Facade Improvement Program: Avalon Boulevard Construction and Fabrication RFB,https://www.bidocean.com/subscriber-portal/view-opportunity/696356932692395012ab5f6.34037690,"Los Angeles, Economic Workforce Development Department(EWDD)",,,"Los Angeles, Los Angeles, CA",,2026-01-05,2025-12-02,,2025-12-30,,New,Yes,2026-01-12 15:28:51.310174,https://www.dropbox.com/scl/fi/316zetbljhtu473hrjac3/new_jobs_20260112_161201.xlsx?rlkey=adblgm6c8vd21wk0y4kt9o0nd&dl=0
False,JEDI Zone Facade Improvement Program: Goodyear Tract Construction and Fabrication,https://www.bidocean.com/subscriber-portal/view-opportunity/2413364176923a1322eaa94.03334292,"Los Angeles, Economic Workforce Development Department(EWDD)",,,"Los Angeles, Los Angeles, CA",,2026-01-05,2025-12-03,,2025-12-30,,New,Yes,2026-01-12 15:28:51.310588,https://www.dropbox.com/scl/fi/316zetbljhtu473hrjac3/new_jobs_20260112_161201.xlsx?rlkey=adblgm6c8vd21wk0y4kt9o0nd&dl=0
False,Owens Lake Modular Office Building for Sulfate Yard,https://www.bidocean.com/subscriber-portal/view-opportunity/1626769142692e4790de3115.59320011,"Los Angeles, City of - Dept of Water and Power",,,"Los Angeles, Inyo, CA",,2026-01-16,2025-12-09,,2025-12-30,,New,Yes,2026-01-12 15:28:51.310973,https://www.dropbox.com/scl/fi/316zetbljhtu473hrjac3/new_jobs_20260112_161201.xlsx?rlkey=adblgm6c8vd21wk0y4kt9o0nd&dl=0
False,Districtwide Reroofing Project,https://www.bidocean.com/subscriber-portal/view-opportunity/695152290694256c0bb8585.99278085,Norwalk-La Mirada Unified School District,,,"Norwalk, Los Angeles, CA",,2026-01-28,2025-12-29,,2025-12-30,,New,Yes,2026-01-12 15:28:51.311345,https://www.dropbox.com/scl/fi/316zetbljhtu473hrjac3/new_jobs_20260112_161201.xlsx?rlkey=adblgm6c8vd21wk0y4kt9o0nd&dl=0
False,Senior Center HVAC,https://www.bidocean.com/subscriber-portal/view-opportunity/3573484306953a702e2a916.54011362,"Lynwood, City Of",,,"Lynwood, Los Angeles, CA",,2026-01-06,,,2025-12-30,,New,Yes,2026-01-12 15:28:51.311739,https://www.dropbox.com/scl/fi/316zetbljhtu473hrjac3/new_jobs_20260112_161201.xlsx?rlkey=adblgm6c8vd21wk0y4kt9o0nd&dl=0
False,Fire Training Facility Window Replacement Project,https://www.bidocean.com/subscriber-portal/view-opportunity/1173104648692d5e3c3e0287.43849476,"Culver City, City of",,,"Culver City, Los Angeles, CA",,2026-01-08,2025-12-09,,2025-12-30,,New,Yes,2026-01-12 15:28:51.312275,https://www.dropbox.com/scl/fi/316zetbljhtu473hrjac3/new_jobs_20260112_161201.xlsx?rlkey=adblgm6c8vd21wk0y4kt9o0nd&dl=0
False,25-003 El Segundo District Offices Lead Abatement and Exterior Painting Project,https://www.bidocean.com/subscriber-portal/view-opportunity/20595351876931217a2549f7.17723251,El Segundo Unified School District,,,"El Segundo, Los Angeles, CA",,2025-12-10,,,2025-12-29,,New,Yes,2026-01-12 15:28:51.312720,https://www.dropbox.com/scl/fi/316zetbljhtu473hrjac3/new_jobs_20260112_161201.xlsx?rlkey=adblgm6c8vd21wk0y4kt9o0nd&dl=0
False,25-004 El Segundo District Offices Grounding Electrical Outlets at Eagles Nest,https://www.bidocean.com/subscriber-portal/view-opportunity/120524654369311fa0710448.18211398,El Segundo Unified School District,,,"El Segundo, Los Angeles, CA",,2026-01-15,,,2025-12-29,,New,Yes,2026-01-12 15:28:51.313106,https://www.dropbox.com/scl/fi/316zetbljhtu473hrjac3/new_jobs_20260112_161201.xlsx?rlkey=adblgm6c8vd21wk0y4kt9o0nd&dl=0
False,Voluntary Barrier Removal (BV) (PSA) (Request for Qualications),https://www.bidocean.com/subscriber-portal/view-opportunity/287264948695331c236f033.78171556,Los Angeles Unified School District,,,"Los Angeles, Los Angeles, CA",,2026-01-30,2026-01-12,,2025-12-29,,New,Yes,2026-01-12 15:28:51.313486,https://www.dropbox.com/scl/fi/316zetbljhtu473hrjac3/new_jobs_20260112_161201.xlsx?rlkey=adblgm6c8vd21wk0y4kt9o0nd&dl=0
False,Switch Replacement Project// (erate Funding Year 2026),https://www.bidocean.com/subscriber-portal/view-opportunity/401994947691f424e8ea426.75649502,Long Beach Unified School District,,,"Long Beach, Los Angeles, CA",,2026-01-07,2025-12-03,,2025-12-29,,New,Yes,2026-01-12 15:28:51.313886,https://www.dropbox.com/scl/fi/316zetbljhtu473hrjac3/new_jobs_20260112_161201.xlsx?rlkey=adblgm6c8vd21wk0y4kt9o0nd&dl=0
False,Smith Park Community & Aquatic Center (RFP),https://www.bidocean.com/subscriber-portal/view-opportunity/42369679691de891e89166.35464999,"Pico Rivera, City of",,,"Pico Rivera, Los Angeles, CA",,2026-01-15,2025-12-15,,2025-12-29,,New,Yes,2026-01-12 15:28:51.314258,https://www.dropbox.com/scl/fi/316zetbljhtu473hrjac3/new_jobs_20260112_161201.xlsx?rlkey=adblgm6c8vd21wk0y4kt9o0nd&dl=0
False,HVAC at Rivera Park and Pico Park Gymnasiums,https://www.bidocean.com/subscriber-portal/view-opportunity/13598855026927d4da7e9879.47996724,"Pico Rivera, City of",,,"Pico Rivera, Los Angeles, CA",,2026-01-08,,,2025-12-29,,New,Yes,2026-01-12 15:28:51.314626,https://www.dropbox.com/scl/fi/316zetbljhtu473hrjac3/new_jobs_20260112_161201.xlsx?rlkey=adblgm6c8vd21wk0y4kt9o0nd&dl=0
False,Palms Park Community Center Improvements,https://www.bidocean.com/subscriber-portal/view-opportunity/1021429736691dcab59d3d90.43777303,"Lakewood, City of",,,"Lakewood, Los Angeles, CA",,2025-12-29,,,2025-12-22,,New,Yes,2026-01-12 15:28:51.315052,https://www.dropbox.com/scl/fi/316zetbljhtu473hrjac3/new_jobs_20260112_161201.xlsx?rlkey=adblgm6c8vd21wk0y4kt9o0nd&dl=0
False,La Fetra Center Staircase Replacement Project,https://www.bidocean.com/subscriber-portal/view-opportunity/743819602693a0a9987a375.57854626,"Glendora, City of",,,"Glendora, Los Angeles, CA",,2026-01-08,,,2025-12-10,,New,Yes,2026-01-12 15:28:51.315452,https://www.dropbox.com/scl/fi/316zetbljhtu473hrjac3/new_jobs_20260112_161201.xlsx?rlkey=adblgm6c8vd21wk0y4kt9o0nd&dl=0
False,Roofing,https://www.bidocean.com/subscriber-portal/view-opportunity/14372937966930ca4eda20b9.92057456,Los Angeles Unified School District,,,"Los Angeles, Los Angeles, CA",,2025-12-22,2025-12-10,,2025-12-03,,New,Yes,2026-01-12 15:28:51.315842,https://www.dropbox.com/scl/fi/316zetbljhtu473hrjac3/new_jobs_20260112_161201.xlsx?rlkey=adblgm6c8vd21wk0y4kt9o0nd&dl=0
False,District-wide Wireless Network Upgrade Equipment (RFP),https://www.bidocean.com/subscriber-portal/view-opportunity/129772733069131215f0c566.22850894,Lawndale Elementary School Dist.,,,"Lawndale, Los Angeles, CA",,2026-01-07,,,2025-11-27,,New,Yes,2026-01-12 15:28:51.316212,https://www.dropbox.com/scl/fi/316zetbljhtu473hrjac3/new_jobs_20260112_161201.xlsx?rlkey=adblgm6c8vd21wk0y4kt9o0nd&dl=0
False,LBHS Pool Modernization Project,https://www.bidocean.com/subscriber-portal/view-opportunity/92821292868caaf85263f26.11711218,Laguna Beach Unified School District,,,"Laguna Beach, Orange, CA",,2025-12-11,2025-11-04,,2026-01-05,,New,Yes,2026-01-12 15:28:51.316576,https://www.dropbox.com/scl/fi/316zetbljhtu473hrjac3/new_jobs_20260112_161201.xlsx?rlkey=adblgm6c8vd21wk0y4kt9o0nd&dl=0
False,Bathroom Remodel at OCFA Fire Station 45,https://www.bidocean.com/subscriber-portal/view-opportunity/357720666692ceed4df2479.56212048,Orange County Fire Authority (OCFA),,,"Irvine, Orange, CA",,2026-01-21,2025-12-10,,2026-01-02,,New,Yes,2026-01-12 15:28:51.316956,https://www.dropbox.com/scl/fi/316zetbljhtu473hrjac3/new_jobs_20260112_161201.xlsx?rlkey=adblgm6c8vd21wk0y4kt9o0nd&dl=0
False,Job Order Contract (JOC) for Elevator Services (RFP),https://www.bidocean.com/subscriber-portal/view-opportunity/1699722894693aaa0f287e69.36546631,Orange County Public Works,,,"Santa Ana, Orange, CA",,2026-01-06,2025-12-11,,2025-12-30,,New,Yes,2026-01-12 15:28:51.317349,https://www.dropbox.com/scl/fi/316zetbljhtu473hrjac3/new_jobs_20260112_161201.xlsx?rlkey=adblgm6c8vd21wk0y4kt9o0nd&dl=0
False,District Wide Fall Protection Project - Phase 1,https://www.bidocean.com/subscriber-portal/view-opportunity/142644137469546d8deec087.74164605,Newport-Mesa Unified School District,,,"Costa Mesa, Orange, CA",,2026-01-21,2026-01-07,,2025-12-30,,New,Yes,2026-01-12 15:28:51.317810,https://www.dropbox.com/scl/fi/316zetbljhtu473hrjac3/new_jobs_20260112_161201.xlsx?rlkey=adblgm6c8vd21wk0y4kt9o0nd&dl=0
False,Common Use Passenger Processing (CUPPS) and Common Use Self Service (CUSS) Systems Replacement & Support Services (RFP),https://www.bidocean.com/subscriber-portal/view-opportunity/2906320376927ecfd35fdc0.46157047,John Wayne Airport,,,"Costa Mesa, Orange, CA",,2026-01-28,2025-12-09,,2025-12-29,,New,Yes,2026-01-12 15:28:51.318390,https://www.dropbox.com/scl/fi/316zetbljhtu473hrjac3/new_jobs_20260112_161201.xlsx?rlkey=adblgm6c8vd21wk0y4kt9o0nd&dl=0
False,Village VL-107 Reconfiguration at Santa Ana College,https://www.bidocean.com/subscriber-portal/view-opportunity/1068758160695287cee59813.26472679,Rancho Santiago Community College District,,,"Santa Ana, Orange, CA",,2026-01-21,,,2025-12-29,,New,Yes,2026-01-12 15:28:51.318853,https://www.dropbox.com/scl/fi/316zetbljhtu473hrjac3/new_jobs_20260112_161201.xlsx?rlkey=adblgm6c8vd21wk0y4kt9o0nd&dl=0
False,Costa Mesa City Hall Chiller Replacement,https://www.bidocean.com/subscriber-portal/view-opportunity/34041111768fa02e48391b7.93644861,"Costa Mesa, City of - Purchasing Dept.",,,"Costa Mesa, Orange, CA",,2025-12-23,2025-11-05,,2025-12-29,,New,Yes,2026-01-12 15:28:51.319307,https://www.dropbox.com/scl/fi/316zetbljhtu473hrjac3/new_jobs_20260112_161201.xlsx?rlkey=adblgm6c8vd21wk0y4kt9o0nd&dl=0
False,FY 2026 Major Street Maintenance and FY 2026 Pavement Preservation Program,https://www.bidocean.com/subscriber-portal/view-opportunity/21177688146952330d856d44.58089455,"San Clemente, City of",,,"San Clemente, Orange, CA",,2026-01-08,,,2025-12-29,,New,Yes,2026-01-12 15:28:51.319802,https://www.dropbox.com/scl/fi/316zetbljhtu473hrjac3/new_jobs_20260112_161201.xlsx?rlkey=adblgm6c8vd21wk0y4kt9o0nd&dl=0
False,Audio & Lighting At Orange High School Little Theater,https://www.bidocean.com/subscriber-portal/view-opportunity/12640732596946490c55eb35.54943684,"Orange Unified School District, Contracts & Procurement",,,"Orange, Orange, CA",,2026-01-12,,,2025-12-20,,New,Yes,2026-01-12 15:28:51.320307,https://www.dropbox.com/scl/fi/316zetbljhtu473hrjac3/new_jobs_20260112_161201.xlsx?rlkey=adblgm6c8vd21wk0y4kt9o0nd&dl=0
False,MPR Renovations at Multiple Sites,https://www.bidocean.com/subscriber-portal/view-opportunity/17995358066944ea626a1b09.31035817,"Orange Unified School District, Contracts & Procurement",,,"Orange, Orange, CA",,2026-01-29,2026-01-02,,2025-12-19,,New,Yes,2026-01-12 15:28:51.320693,https://www.dropbox.com/scl/fi/316zetbljhtu473hrjac3/new_jobs_20260112_161201.xlsx?rlkey=adblgm6c8vd21wk0y4kt9o0nd&dl=0
False,Licensed Contractors for Calendar Year 2025 - List of Qualified Contractors for Informal Projects,https://www.bidocean.com/subscriber-portal/view-opportunity/1894176089675bde5128e430.24634494,"Tustin, City of",,,"Tustin, Orange, CA",,2025-12-31,,,2024-12-13,,New,Yes,2026-01-12 15:28:51.321076,https://www.dropbox.com/scl/fi/316zetbljhtu473hrjac3/new_jobs_20260112_161201.xlsx?rlkey=adblgm6c8vd21wk0y4kt9o0nd&dl=0
False,2025 CUPCCAA Qualified Contractor List (Request for Information),https://www.bidocean.com/subscriber-portal/view-opportunity/709600362673d9a7b008904.40910207,"San Clemente, Public Works",,,"San Clemente, Orange, CA",,2025-12-31,,,2024-11-20,,New,Yes,2026-01-12 15:28:51.321462,https://www.dropbox.com/scl/fi/316zetbljhtu473hrjac3/new_jobs_20260112_161201.xlsx?rlkey=adblgm6c8vd21wk0y4kt9o0nd&dl=0
False,Headquarters Tile Roof Replacement Operations and Warehouse Buildings,https://www.bidocean.com/subscriber-portal/view-opportunity/15505496186958a157979414.45123371,Rancho California Water District (RCWD),,,"Temecula, CA",,2026-01-21,2026-01-07,,2026-01-02,,New,Yes,2026-01-12 15:28:51.321854,https://www.dropbox.com/scl/fi/316zetbljhtu473hrjac3/new_jobs_20260112_161201.xlsx?rlkey=adblgm6c8vd21wk0y4kt9o0nd&dl=0
False,Headquarters Facilities Modification & Improvements,https://www.bidocean.com/subscriber-portal/view-opportunity/11569278696958a03059f555.69556576,Rancho California Water District (RCWD),,,"Temecula, CA",,2026-01-08,,,2026-01-02,,New,Yes,2026-01-12 15:28:51.322272,https://www.dropbox.com/scl/fi/316zetbljhtu473hrjac3/new_jobs_20260112_161201.xlsx?rlkey=adblgm6c8vd21wk0y4kt9o0nd&dl=0
False,Design Build Renovation of City Hall Lobby - (RFP),https://www.bidocean.com/subscriber-portal/view-opportunity/20243776086932b17c18ec07.68910716,"Riverside, City of",,,"Riverside, Riverside, CA",,2026-01-21,2025-12-17,,2026-01-02,,New,Yes,2026-01-12 15:28:51.322651,https://www.dropbox.com/scl/fi/316zetbljhtu473hrjac3/new_jobs_20260112_161201.xlsx?rlkey=adblgm6c8vd21wk0y4kt9o0nd&dl=0
False,Library Camera System Upgrade with Network Cabling,https://www.bidocean.com/subscriber-portal/view-opportunity/1023300080692d934a3804a9.09232567,"Corona, City of",,,"Corona, Riverside, CA",,2026-01-08,2025-12-03,,2026-01-02,,New,Yes,2026-01-12 15:28:51.323031,https://www.dropbox.com/scl/fi/316zetbljhtu473hrjac3/new_jobs_20260112_161201.xlsx?rlkey=adblgm6c8vd21wk0y4kt9o0nd&dl=0
False,Kay Ceniceros Senior Center Roof Rehabilitation,https://www.bidocean.com/subscriber-portal/view-opportunity/64339993969579dbf9b5ee3.93193787,"Menifee, City of - Dept. of Finance",,,"Menifee, Riverside, CA",,2026-01-07,,,2026-01-02,,New,Yes,2026-01-12 15:28:51.323403,https://www.dropbox.com/scl/fi/316zetbljhtu473hrjac3/new_jobs_20260112_161201.xlsx?rlkey=adblgm6c8vd21wk0y4kt9o0nd&dl=0
False,Boiler Maintenance,https://www.bidocean.com/subscriber-portal/view-opportunity/1183082991695350a9a30f75.13197829,California Dept. of General Services,,,"West Sacramento, Riverside, CA",,2026-01-28,2026-01-13,,2025-12-29,,New,Yes,2026-01-12 15:28:51.323780,https://www.dropbox.com/scl/fi/316zetbljhtu473hrjac3/new_jobs_20260112_161201.xlsx?rlkey=adblgm6c8vd21wk0y4kt9o0nd&dl=0
False,Patriot High School Theater,https://www.bidocean.com/subscriber-portal/view-opportunity/576755805692d98f2010963.91885786,Jurupa Unified School District,,,"Jurupa Valley, Riverside, CA",,2025-12-19,2025-12-01,,2025-12-15,,New,Yes,2026-01-12 15:28:51.324186,https://www.dropbox.com/scl/fi/316zetbljhtu473hrjac3/new_jobs_20260112_161201.xlsx?rlkey=adblgm6c8vd21wk0y4kt9o0nd&dl=0
False,Selection of an Access Control and Intrusion Protection System (RFP) *CANCELED*,https://www.bidocean.com/subscriber-portal/view-opportunity/17651619656926a7eac97fe3.10905598,"Redlands, City of",,,"Redlands, San Bernardino, CA",,2026-01-08,,,2026-01-05,,New,Yes,2026-01-12 15:28:51.324576,https://www.dropbox.com/scl/fi/316zetbljhtu473hrjac3/new_jobs_20260112_161201.xlsx?rlkey=adblgm6c8vd21wk0y4kt9o0nd&dl=0
False,Chaffey Joint Union High School District Project District-wide Structured Cabling Identification: Installation and Materials,https://www.bidocean.com/subscriber-portal/view-opportunity/707455565694f80894451c4.48132404,"Chaffey Joint Union High School District, Director of Purchasing",,,"Ontario, San Bernardino, CA",,2026-01-20,2025-12-29,,2026-01-04,,New,Yes,2026-01-12 15:28:51.324955,https://www.dropbox.com/scl/fi/316zetbljhtu473hrjac3/new_jobs_20260112_161201.xlsx?rlkey=adblgm6c8vd21wk0y4kt9o0nd&dl=0
False,Big Bear Administration Facility - Tenant Improvement,https://www.bidocean.com/subscriber-portal/view-opportunity/1332283443695503fac1a505.77709759,Mountain Area Regional Transit Authority (MARTA),,,"Big Bear Lake, San Bernardino, CA",,2026-02-17,2026-01-26,,2026-01-03,,New,Yes,2026-01-12 15:28:51.325399,https://www.dropbox.com/scl/fi/316zetbljhtu473hrjac3/new_jobs_20260112_161201.xlsx?rlkey=adblgm6c8vd21wk0y4kt9o0nd&dl=0
False,Construction of the Central Plant Cooling Tower Replacement,https://www.bidocean.com/subscriber-portal/view-opportunity/1422270050694eb0656a87f0.78524781,Inland Empire Utilities Agency,,,"Chino, San Bernardino, CA",,2026-01-22,2026-01-07,,2026-01-03,,New,Yes,2026-01-12 15:28:51.325786,https://www.dropbox.com/scl/fi/316zetbljhtu473hrjac3/new_jobs_20260112_161201.xlsx?rlkey=adblgm6c8vd21wk0y4kt9o0nd&dl=0
False,Homeless Navigation Center Campus (RFQ),https://www.bidocean.com/subscriber-portal/view-opportunity/95049741691aafd7a18c55.95906908,"San Bernardino, City of",,,"San Bernardino, San Bernardino, CA",,2026-01-06,2025-11-19,,2026-01-02,,New,Yes,2026-01-12 15:28:51.326162,https://www.dropbox.com/scl/fi/316zetbljhtu473hrjac3/new_jobs_20260112_161201.xlsx?rlkey=adblgm6c8vd21wk0y4kt9o0nd&dl=0
False,Emergency Replace Refrigerant Units- FCC Victorville,https://www.bidocean.com/subscriber-portal/view-opportunity/2134105925693a33f076a760.47553725,"Dept. of Justice, Bureau of Prisons, FBOP - Field Acquisition Office",,,"Grand Prairie, San Bernardino, CA",,2026-02-04,,,2025-12-31,,New,Yes,2026-01-12 15:28:51.326535,https://www.dropbox.com/scl/fi/316zetbljhtu473hrjac3/new_jobs_20260112_161201.xlsx?rlkey=adblgm6c8vd21wk0y4kt9o0nd&dl=0
False,Yucaipa Regional Park Restroom Replacement,https://www.bidocean.com/subscriber-portal/view-opportunity/45635600269259129307a95.82921506,San Bernardino County Facilities Management,,,"San Bernardino, San Bernardino, CA",,2026-01-07,2025-12-03,,2025-12-31,,New,Yes,2026-01-12 15:28:51.326899,https://www.dropbox.com/scl/fi/316zetbljhtu473hrjac3/new_jobs_20260112_161201.xlsx?rlkey=adblgm6c8vd21wk0y4kt9o0nd&dl=0
False,ARMC Central Plant Medical Vacuum System Replacement,https://www.bidocean.com/subscriber-portal/view-opportunity/49186488869180d0bb9f099.13671736,San Bernardino County Engineering Dept.,,,"San Bernardino, San Bernardino, CA",,2026-01-06,2025-11-21,,2025-12-30,,New,Yes,2026-01-12 15:28:51.327319,https://www.dropbox.com/scl/fi/316zetbljhtu473hrjac3/new_jobs_20260112_161201.xlsx?rlkey=adblgm6c8vd21wk0y4kt9o0nd&dl=0
False,County Service Area 120 North Etiwanda Preserve Bathroom Addition Project,https://www.bidocean.com/subscriber-portal/view-opportunity/1196635627691dccddd87d51.63294965,"San Bernardino County, Department of Public Works - Special Districts",,,"San Bernardino, San Bernardino, CA",,2026-01-07,2025-12-04,,2025-12-30,,New,Yes,2026-01-12 15:28:51.327713,https://www.dropbox.com/scl/fi/316zetbljhtu473hrjac3/new_jobs_20260112_161201.xlsx?rlkey=adblgm6c8vd21wk0y4kt9o0nd&dl=0
False,City Hall Renovation Project - Phase II (City Hall),https://www.bidocean.com/subscriber-portal/view-opportunity/715928716954a3efe25dd7.59590836,"Fontana, City of",,,"Fontana, San Bernardino, CA",,2026-01-29,2026-01-14,,2025-12-30,,New,Yes,2026-01-12 15:28:51.328090,https://www.dropbox.com/scl/fi/316zetbljhtu473hrjac3/new_jobs_20260112_161201.xlsx?rlkey=adblgm6c8vd21wk0y4kt9o0nd&dl=0
False,Jessie Turner Center Indoor Basketball Court Replacement,https://www.bidocean.com/subscriber-portal/view-opportunity/18790361046954a2cc421e09.53300450,"Fontana, City of",,,"Fontana, San Bernardino, CA",,2026-02-05,2026-01-14,,2025-12-30,,New,Yes,2026-01-12 15:28:51.328471,https://www.dropbox.com/scl/fi/316zetbljhtu473hrjac3/new_jobs_20260112_161201.xlsx?rlkey=adblgm6c8vd21wk0y4kt9o0nd&dl=0
False,Serrano High School Transformation,https://www.bidocean.com/subscriber-portal/view-opportunity/11685309146940164f5d1289.36792851,Snowline Joint Unified School District,,,"Phelan, San Bernardino, CA",,2026-01-08,2025-12-18,,2025-12-30,,New,Yes,2026-01-12 15:28:51.328877,https://www.dropbox.com/scl/fi/316zetbljhtu473hrjac3/new_jobs_20260112_161201.xlsx?rlkey=adblgm6c8vd21wk0y4kt9o0nd&dl=0
False,"Interior Lobby Common Area, Suite 110,140 & 200, Lobby Boardroom (RFP)",https://www.bidocean.com/subscriber-portal/view-opportunity/64446788169535982ac6036.44054526,San Bernardino County Transportation Authority (SBCTA),,,"San Bernardino, San Bernardino, CA",,2026-01-30,2026-01-09,,2025-12-29,,New,Yes,2026-01-12 15:28:51.329266,https://www.dropbox.com/scl/fi/316zetbljhtu473hrjac3/new_jobs_20260112_161201.xlsx?rlkey=adblgm6c8vd21wk0y4kt9o0nd&dl=0
False,Districtwide Painting Phase 3,https://www.bidocean.com/subscriber-portal/view-opportunity/36462228169367f31e3ca87.71056426,Rialto Unified School District,,,"Rialto, San Bernardino, CA",,2026-01-21,2025-12-22,,2025-12-29,,New,Yes,2026-01-12 15:28:51.329648,https://www.dropbox.com/scl/fi/316zetbljhtu473hrjac3/new_jobs_20260112_161201.xlsx?rlkey=adblgm6c8vd21wk0y4kt9o0nd&dl=0
False,District Office and District Registration Center Roof Repairs *Canceled*,https://www.bidocean.com/subscriber-portal/view-opportunity/17450224016939170887d5d5.30561333,Rialto Unified School District,,,"Rialto, San Bernardino, CA",,2025-12-22,2025-12-16,,2025-12-22,,New,Yes,2026-01-12 15:28:51.330016,https://www.dropbox.com/scl/fi/316zetbljhtu473hrjac3/new_jobs_20260112_161201.xlsx?rlkey=adblgm6c8vd21wk0y4kt9o0nd&dl=0
False,"08A3942 - HVAC Removal, Disposal, and Replacement Services in San Bernardino County",https://www.bidocean.com/subscriber-portal/view-opportunity/16702557066945ef12c230c2.82981942,California Dept. of Transportation - Caltrans,,,"Sacramento, San Bernardino, CA",,2026-01-02,,,2025-12-19,,New,Yes,2026-01-12 15:28:51.330460,https://www.dropbox.com/scl/fi/316zetbljhtu473hrjac3/new_jobs_20260112_161201.xlsx?rlkey=adblgm6c8vd21wk0y4kt9o0nd&dl=0
False,Professional Design Engineering Services for Jerry Lewis Family Swim Center Improvements Project (RFP),https://www.bidocean.com/subscriber-portal/view-opportunity/1688435989692d23761e3379.24792728,"San Bernardino, City of",,,"San Bernardino, San Bernardino, CA",,2025-12-22,2025-12-04,,2025-12-11,,New,Yes,2026-01-12 15:28:51.330837,https://www.dropbox.com/scl/fi/316zetbljhtu473hrjac3/new_jobs_20260112_161201.xlsx?rlkey=adblgm6c8vd21wk0y4kt9o0nd&dl=0
False,"Victor Valley College Roofing for Buildings 31, 44, and 65 Project",https://www.bidocean.com/subscriber-portal/view-opportunity/1219828160691beeaa20ba47.79064157,Victor Valley Community College District,,,"Victorville, San Bernardino, CA",,2025-12-29,2025-11-25,,2025-11-20,,New,Yes,2026-01-12 15:28:51.331247,https://www.dropbox.com/scl/fi/316zetbljhtu473hrjac3/new_jobs_20260112_161201.xlsx?rlkey=adblgm6c8vd21wk0y4kt9o0nd&dl=0
